url,client,requests,errors,ttfr_ms,tracking_reqs,ads_reqs,media_total,media_size,status_2xx,status_3xx,status_4xx,status_5xx,har_count
"001_google_com",OpenWPM,46,0,71,15,0,3,2443,45,1,0,0,1
"001_google_com",OpenWPM_2,46,0,62,15,0,3,2443,45,1,0,0,1
"001_google_com",native_firefox,46,0,82,15,0,3,2443,45,1,0,0,1
"001_google_com",native_firefox_2,46,0,81,15,0,3,2443,45,1,0,0,1
"002_microsoft_com",OpenWPM,181,0,77,42,0,19,120056,176,5,0,0,1
"002_microsoft_com",OpenWPM_2,182,0,53,42,0,19,120056,177,5,0,0,1
"002_microsoft_com",native_firefox,165,0,71,43,0,19,103997,158,5,0,0,1
"002_microsoft_com",native_firefox_2,162,0,81,42,0,19,103997,155,5,0,0,1
"003_facebook_com",OpenWPM,73,0,80,4,0,10,110131,72,1,0,0,1
"003_facebook_com",OpenWPM_2,73,0,47,4,0,10,110131,72,1,0,0,1
"003_facebook_com",native_firefox,70,0,70,3,0,10,110131,69,1,0,0,1
"003_facebook_com",native_firefox_2,72,0,78,4,0,10,110131,70,1,0,0,1
"004_amazonaws_com",OpenWPM,1,1,88,0,0,0,0,0,0,0,1,1
"004_amazonaws_com",OpenWPM_2,1,1,59,0,0,0,0,0,0,0,1,1
"004_amazonaws_com",native_firefox,1,1,71,0,0,0,0,0,0,0,1,1
"004_amazonaws_com",native_firefox_2,1,1,72,0,0,0,0,0,0,0,1,1
"005_googleapis_com",OpenWPM,5,2,207,0,0,2,9497,3,0,2,0,1
"005_googleapis_com",OpenWPM_2,5,2,192,0,0,2,9497,3,0,2,0,1
"005_googleapis_com",native_firefox,5,2,59,0,0,2,9497,3,0,2,0,1
"005_googleapis_com",native_firefox_2,5,2,76,0,0,2,9497,3,0,2,0,1
"006_apple_com",OpenWPM,66,0,69,2,0,22,953673,64,2,0,0,1
"006_apple_com",OpenWPM_2,66,0,59,2,0,22,953673,64,2,0,0,1
"006_apple_com",native_firefox,65,0,63,2,0,21,1776318,63,2,0,0,1
"006_apple_com",native_firefox_2,65,0,87,2,0,21,1723821,63,2,0,0,1
"007_youtube_com",OpenWPM,156,1,72,2,0,109,66392,150,4,1,0,1
"007_youtube_com",OpenWPM_2,155,1,50,1,0,109,66392,149,4,1,0,1
"007_youtube_com",native_firefox,177,7,78,2,0,121,72387,165,4,7,0,1
"007_youtube_com",native_firefox_2,152,1,82,1,0,109,66392,146,4,1,0,1
"008_ax-msedge_net",OpenWPM,1,1,65,0,0,0,0,0,0,0,1,1
"008_ax-msedge_net",OpenWPM_2,1,1,64,0,0,0,0,0,0,0,1,1
"008_ax-msedge_net",native_firefox,1,1,71,0,0,0,0,0,0,0,1,1
"008_ax-msedge_net",native_firefox_2,1,1,82,0,0,0,0,0,0,0,1,1
"009_cloudflare_com",OpenWPM,163,0,237,4,0,106,1387345,156,1,0,0,1
"009_cloudflare_com",OpenWPM_2,163,0,242,4,0,85,1387324,135,1,0,0,1
"009_cloudflare_com",native_firefox,160,0,75,4,0,85,1386723,135,1,0,0,1
"009_cloudflare_com",native_firefox_2,158,0,90,4,0,85,1387356,132,1,0,0,1
"010_mail_ru",OpenWPM,182,2,70,79,0,65,83961,167,8,0,2,1
"010_mail_ru",OpenWPM_2,193,2,51,79,2,68,36517,168,6,0,2,1
"010_mail_ru",native_firefox,296,1,61,121,6,112,1044351,274,9,0,1,1
"010_mail_ru",native_firefox_2,266,2,79,113,3,109,1135867,255,8,0,2,1
"011_akamai_net",OpenWPM,16,3,0,6,0,7,4603,11,0,0,3,1
"011_akamai_net",OpenWPM_2,15,1,0,7,0,3,43,9,0,0,1,1
"011_akamai_net",native_firefox,1,1,136,0,0,0,0,0,0,0,1,1
"011_akamai_net",native_firefox_2,1,1,128,0,0,0,0,0,0,0,1,1
"012_instagram_com",OpenWPM,46,0,191,3,0,4,721626,45,1,0,0,1
"012_instagram_com",OpenWPM_2,46,0,256,3,0,4,721626,45,1,0,0,1
"012_instagram_com",native_firefox,46,0,67,3,0,5,753281,44,1,0,0,1
"012_instagram_com",native_firefox_2,45,0,77,3,0,4,721626,44,1,0,0,1
"013_twitter_com",OpenWPM,91,0,153,2,0,3,14063,89,1,0,0,1
"013_twitter_com",OpenWPM_2,88,0,155,2,0,3,14063,85,1,0,0,1
"013_twitter_com",native_firefox,213,2,61,5,0,3,14063,208,1,2,0,1
"013_twitter_com",native_firefox_2,207,2,74,2,0,4,45718,203,1,2,0,1
"014_gstatic_com",OpenWPM,9,2,922,2,0,2,9497,6,1,2,0,1
"014_gstatic_com",OpenWPM_2,11,2,1638,4,0,2,9497,6,1,2,0,1
"014_gstatic_com",native_firefox,6,2,53,0,0,2,9497,3,1,2,0,1
"014_gstatic_com",native_firefox_2,6,2,68,0,0,2,9497,3,1,2,0,1
"015_office_com",OpenWPM,79,0,78,0,0,23,13275238,78,1,0,0,1
"015_office_com",OpenWPM_2,81,0,60,0,0,23,18986008,80,1,0,0,1
"015_office_com",native_firefox,76,0,81,0,0,23,18986008,74,1,0,0,1
"015_office_com",native_firefox_2,77,0,95,0,0,23,18986008,75,1,0,0,1
"016_akamaiedge_net",OpenWPM,1,1,64,0,0,0,0,0,0,0,1,1
"016_akamaiedge_net",OpenWPM_2,1,1,51,0,0,0,0,0,0,0,1,1
"016_akamaiedge_net",native_firefox,1,1,66,0,0,0,0,0,0,0,1,1
"016_akamaiedge_net",native_firefox_2,1,1,93,0,0,0,0,0,0,0,1,1
"017_dual-s-msedge_net",OpenWPM,1,1,260,0,0,0,0,0,0,0,1,1
"017_dual-s-msedge_net",OpenWPM_2,1,1,208,0,0,0,0,0,0,0,1,1
"017_dual-s-msedge_net",native_firefox,1,1,61,0,0,0,0,0,0,0,1,1
"017_dual-s-msedge_net",native_firefox_2,1,1,78,0,0,0,0,0,0,0,1,1
"018_dzen_ru",OpenWPM,207,2,193,64,20,70,713908,195,6,2,0,1
"018_dzen_ru",OpenWPM_2,235,2,208,72,27,83,1468006,223,8,2,0,1
"018_dzen_ru",native_firefox,223,3,68,64,25,80,1054716,208,10,2,1,1
"018_dzen_ru",native_firefox_2,208,1,90,56,27,70,2066310,196,10,1,0,1
"019_live_com",OpenWPM,169,0,65,3,0,21,1269647,158,11,0,0,1
"019_live_com",OpenWPM_2,167,0,59,3,0,21,1269647,156,11,0,0,1
"019_live_com",native_firefox,167,0,67,1,0,30,6194693,153,11,0,0,1
"019_live_com",native_firefox_2,165,0,82,1,0,31,6195233,152,11,0,0,1
"020_t-msedge_net",OpenWPM,1,1,72,0,0,0,0,0,0,0,1,1
"020_t-msedge_net",OpenWPM_2,1,1,64,0,0,0,0,0,0,0,1,1
"020_t-msedge_net",native_firefox,1,1,66,0,0,0,0,0,0,0,1,1
"020_t-msedge_net",native_firefox_2,1,1,91,0,0,0,0,0,0,0,1,1
"021_linkedin_com",OpenWPM,63,1,206,3,0,14,38063,61,1,0,1,1
"021_linkedin_com",OpenWPM_2,67,1,194,4,0,15,38904,65,1,0,1,1
"021_linkedin_com",native_firefox,62,1,61,3,0,14,38063,59,1,0,1,1
"021_linkedin_com",native_firefox_2,63,1,76,2,0,14,38063,60,1,0,1,1
"022_azure_com",OpenWPM,146,0,63,6,0,47,1644923,145,1,0,0,1
"022_azure_com",OpenWPM_2,144,0,52,6,0,47,1644923,143,1,0,0,1
"022_azure_com",native_firefox,152,0,59,6,0,68,5093949,149,1,0,0,1
"022_azure_com",native_firefox_2,159,0,79,7,0,69,5098003,155,1,0,0,1
"023_fbcdn_net",OpenWPM,69,0,87,4,0,10,110131,68,1,0,0,1
"023_fbcdn_net",OpenWPM_2,70,0,66,5,0,10,110131,69,1,0,0,1
"023_fbcdn_net",native_firefox,21,8,84,4,0,3,56915,10,1,0,8,1
"023_fbcdn_net",native_firefox_2,19,2,95,4,0,2,17138,10,1,0,2,1
"024_ln-msedge_net",OpenWPM,1,1,96,0,0,0,0,0,0,0,1,1
"024_ln-msedge_net",OpenWPM_2,1,1,51,0,0,0,0,0,0,0,1,1
"024_ln-msedge_net",native_firefox,1,1,81,0,0,0,0,0,0,0,1,1
"024_ln-msedge_net",native_firefox_2,1,1,78,0,0,0,0,0,0,0,1,1
"025_googlevideo_com",OpenWPM,3,0,270,0,0,0,0,1,0,0,0,1
"025_googlevideo_com",OpenWPM_2,3,0,170,0,0,0,0,1,0,0,0,1
"025_googlevideo_com",native_firefox,3,0,66,0,0,0,0,1,0,0,0,1
"025_googlevideo_com",native_firefox_2,3,0,84,0,0,0,0,1,0,0,0,1
"026_googletagmanager_com",OpenWPM,22,2,73,3,0,2,9497,20,0,2,0,1
"026_googletagmanager_com",OpenWPM_2,22,2,47,3,0,2,9497,20,0,2,0,1
"026_googletagmanager_com",native_firefox,6,2,71,3,0,2,9497,4,0,2,0,1
"026_googletagmanager_com",native_firefox_2,6,2,95,3,0,2,9497,4,0,2,0,1
"027_amazon_com",OpenWPM,476,11,70,66,88,292,2764337,432,31,6,5,1
"027_amazon_com",OpenWPM_2,499,11,48,74,88,308,2750758,455,31,6,5,1
"027_amazon_com",native_firefox,497,11,67,64,88,316,2851709,451,31,6,5,1
"027_amazon_com",native_firefox_2,489,11,85,68,88,304,2666394,443,31,6,5,1
"028_windowsupdate_com",OpenWPM,1,1,59,0,0,0,0,0,0,0,1,1
"028_windowsupdate_com",OpenWPM_2,1,1,52,0,0,0,0,0,0,0,1,1
"028_windowsupdate_com",native_firefox,1,1,70,0,0,0,0,0,0,0,1,1
"028_windowsupdate_com",native_firefox_2,1,1,95,0,0,0,0,0,0,0,1,1
"029_a-msedge_net",OpenWPM,1,1,222,0,0,0,0,0,0,0,1,1
"029_a-msedge_net",OpenWPM_2,1,1,310,0,0,0,0,0,0,0,1,1
"029_a-msedge_net",native_firefox,1,1,58,0,0,0,0,0,0,0,1,1
"029_a-msedge_net",native_firefox_2,1,1,75,0,0,0,0,0,0,0,1,1
"030_wikipedia_org",OpenWPM,11,0,195,0,0,5,38521,10,1,0,0,1
"030_wikipedia_org",OpenWPM_2,11,0,181,0,0,5,38521,10,1,0,0,1
"030_wikipedia_org",native_firefox,11,0,59,0,0,5,38521,10,1,0,0,1
"030_wikipedia_org",native_firefox_2,11,0,84,0,0,5,38521,10,1,0,0,1
"031_akadns_net",OpenWPM,1,1,78,0,0,0,0,0,0,0,1,1
"031_akadns_net",OpenWPM_2,1,1,49,0,0,0,0,0,0,0,1,1
"031_akadns_net",native_firefox,1,1,61,0,0,0,0,0,0,0,1,1
"031_akadns_net",native_firefox_2,1,1,88,0,0,0,0,0,0,0,1,1
"032_microsoftonline_com",OpenWPM,1,1,223,0,0,0,0,0,0,0,1,1
"032_microsoftonline_com",OpenWPM_2,1,1,225,0,0,0,0,0,0,0,1,1
"032_microsoftonline_com",native_firefox,1,1,64,0,0,0,0,0,0,0,1,1
"032_microsoftonline_com",native_firefox_2,1,1,78,0,0,0,0,0,0,0,1,1
"033_doubleclick_net",OpenWPM,53,0,207,6,0,14,321135,52,1,0,0,1
"033_doubleclick_net",OpenWPM_2,53,0,192,6,0,14,321135,52,1,0,0,1
"033_doubleclick_net",native_firefox,52,0,65,5,0,14,321135,51,1,0,0,1
"033_doubleclick_net",native_firefox_2,52,0,74,5,0,14,321135,51,1,0,0,1
"034_office_net",OpenWPM,1,1,68,0,0,0,0,0,0,0,1,1
"034_office_net",OpenWPM_2,1,1,49,0,0,0,0,0,0,0,1,1
"034_office_net",native_firefox,1,1,69,0,0,0,0,0,0,0,1,1
"034_office_net",native_firefox_2,1,1,79,0,0,0,0,0,0,0,1,1
"035_e2ro_com",OpenWPM,1,1,303,0,0,0,0,0,0,0,1,1
"035_e2ro_com",OpenWPM_2,1,1,246,0,0,0,0,0,0,0,1,1
"035_e2ro_com",native_firefox,1,1,60,0,0,0,0,0,0,0,1,1
"035_e2ro_com",native_firefox_2,1,1,75,0,0,0,0,0,0,0,1,1
"036_github_com",OpenWPM,136,0,204,6,0,16,2413451,136,0,0,0,1
"036_github_com",OpenWPM_2,137,0,169,6,0,16,2413451,137,0,0,0,1
"036_github_com",native_firefox,135,0,64,5,0,16,2413451,134,0,0,0,1
"036_github_com",native_firefox_2,135,0,71,5,0,16,2413451,134,0,0,0,1
"037_gtld-servers_net",OpenWPM,1,1,59,0,0,0,0,0,0,0,1,1
"037_gtld-servers_net",OpenWPM_2,1,1,63,0,0,0,0,0,0,0,1,1
"037_gtld-servers_net",native_firefox,1,1,66,0,0,0,0,0,0,0,1,1
"037_gtld-servers_net",native_firefox_2,1,1,81,0,0,0,0,0,0,0,1,1
"038_appsflyersdk_com",OpenWPM,3,2,201,0,0,0,0,1,0,2,0,1
"038_appsflyersdk_com",OpenWPM_2,3,2,183,0,0,0,0,1,0,2,0,1
"038_appsflyersdk_com",native_firefox,3,2,60,0,0,0,0,1,0,2,0,1
"038_appsflyersdk_com",native_firefox_2,3,2,76,0,0,0,0,1,0,2,0,1
"039_whatsapp_net",OpenWPM,58,0,67,3,0,24,1650355,57,1,0,0,1
"039_whatsapp_net",OpenWPM_2,58,0,50,3,0,24,1650355,57,1,0,0,1
"039_whatsapp_net",native_firefox,58,0,69,3,0,24,2013890,56,1,0,0,1
"039_whatsapp_net",native_firefox_2,58,0,90,3,0,24,2013890,56,1,0,0,1
"040_sharepoint_com",OpenWPM,132,0,57,4,0,12,1106198,126,6,0,0,1
"040_sharepoint_com",OpenWPM_2,132,0,89,4,0,12,1106198,126,6,0,0,1
"040_sharepoint_com",native_firefox,110,5,73,1,0,22,4667221,93,6,0,5,1
"040_sharepoint_com",native_firefox_2,100,0,78,0,0,22,4667221,73,6,0,0,1
"041_googleusercontent_com",OpenWPM,6,2,60,0,0,2,9497,4,0,2,0,1
"041_googleusercontent_com",OpenWPM_2,6,2,58,0,0,2,9497,4,0,2,0,1
"041_googleusercontent_com",native_firefox,6,2,62,0,0,2,9497,4,0,2,0,1
"041_googleusercontent_com",native_firefox_2,6,2,77,0,0,2,9497,4,0,2,0,1
"042_bing_com",OpenWPM,290,0,63,14,0,126,2977114,285,5,0,0,1
"042_bing_com",OpenWPM_2,281,0,59,15,0,118,2569030,276,5,0,0,1
"042_bing_com",native_firefox,284,0,67,16,0,130,2939241,271,5,0,0,1
"042_bing_com",native_firefox_2,283,0,84,16,0,125,2846897,275,5,0,0,1
"043_fastly_net",OpenWPM,166,1,69,65,24,28,337624,159,6,1,0,1
"043_fastly_net",OpenWPM_2,211,1,58,112,23,27,337538,204,6,1,0,1
"043_fastly_net",native_firefox,168,2,64,67,25,29,389691,155,9,2,0,1
"043_fastly_net",native_firefox_2,164,1,81,65,24,28,389648,155,6,1,0,1
"044_netflix_com",OpenWPM,97,0,61,14,0,18,479640,94,2,0,0,1
"044_netflix_com",OpenWPM_2,96,0,55,13,0,18,479640,94,2,0,0,1
"044_netflix_com",native_firefox,94,0,71,13,0,18,707733,91,2,0,0,1
"044_netflix_com",native_firefox_2,95,0,82,13,0,18,707733,92,2,0,0,1
"045_trafficmanager_net",OpenWPM,1,1,48,0,0,0,0,0,0,0,1,1
"045_trafficmanager_net",OpenWPM_2,1,1,35,0,0,0,0,0,0,0,1,1
"045_trafficmanager_net",native_firefox,1,1,63,0,0,0,0,0,0,0,1,1
"045_trafficmanager_net",native_firefox_2,1,1,83,0,0,0,0,0,0,0,1,1
"046_wordpress_org",OpenWPM,59,0,3276,9,0,22,1273791,59,0,0,0,1
"046_wordpress_org",OpenWPM_2,59,0,3260,9,0,22,1273791,59,0,0,0,1
"046_wordpress_org",native_firefox,58,0,55,8,0,22,1875099,58,0,0,0,1
"046_wordpress_org",native_firefox_2,58,0,68,8,0,22,1875099,58,0,0,0,1
"047_workers_dev",OpenWPM,71,0,50,10,0,34,70577,70,1,0,0,1
"047_workers_dev",OpenWPM_2,71,0,40,10,0,34,70567,70,1,0,0,1
"047_workers_dev",native_firefox,70,1,63,9,0,34,70593,67,1,0,1,1
"047_workers_dev",native_firefox_2,69,0,75,8,0,34,70624,67,1,0,0,1
"048_windows_net",OpenWPM,3,0,50,0,0,0,0,1,0,0,0,1
"048_windows_net",OpenWPM_2,3,0,34,0,0,0,0,1,0,0,0,1
"048_windows_net",native_firefox,3,0,56,0,0,0,0,1,0,0,0,1
"048_windows_net",native_firefox_2,3,0,71,0,0,0,0,1,0,0,0,1
"049_icloud_com",OpenWPM,39,2,47,1,0,9,2236749,36,1,2,0,1
"049_icloud_com",OpenWPM_2,39,2,37,1,0,9,2236749,36,1,2,0,1
"049_icloud_com",native_firefox,38,2,73,1,0,8,2216506,35,1,2,0,1
"049_icloud_com",native_firefox_2,39,2,76,1,0,9,2236749,36,1,2,0,1
"050_youtu_be",OpenWPM,53,1,45,3,0,7,34621,48,3,1,0,1
"050_youtu_be",OpenWPM_2,52,1,32,2,0,7,34621,47,3,1,0,1
"050_youtu_be",native_firefox,55,8,61,3,0,5,29455,27,3,7,1,1
"050_youtu_be",native_firefox_2,54,1,75,3,0,16,25790,35,4,1,0,1
"051_aaplimg_com",OpenWPM,1,1,47,0,0,0,0,0,0,0,1,1
"051_aaplimg_com",OpenWPM_2,1,1,33,0,0,0,0,0,0,0,1,1
"051_aaplimg_com",native_firefox,1,1,63,0,0,0,0,0,0,0,1,1
"051_aaplimg_com",native_firefox_2,1,1,87,0,0,0,0,0,0,0,1,1
"052_pinterest_com",OpenWPM,374,0,2903,9,0,206,12343384,353,1,0,0,1
"052_pinterest_com",OpenWPM_2,389,0,2855,7,0,191,13341506,325,1,0,0,1
"052_pinterest_com",native_firefox,398,0,54,6,0,190,13780491,311,1,0,0,1
"052_pinterest_com",native_firefox_2,395,0,68,7,0,204,17426524,328,1,0,0,1
"053_googlesyndication_com",OpenWPM,36,0,49,13,0,3,2443,35,1,0,0,1
"053_googlesyndication_com",OpenWPM_2,36,0,36,13,0,3,2443,35,1,0,0,1
"053_googlesyndication_com",native_firefox,37,0,61,13,0,2,1783,32,1,0,0,1
"053_googlesyndication_com",native_firefox_2,36,0,76,12,0,2,1783,33,1,0,0,1
"054_apple-dns_net",OpenWPM,1,1,48,0,0,0,0,0,0,0,1,1
"054_apple-dns_net",OpenWPM_2,1,1,31,0,0,0,0,0,0,0,1,1
"054_apple-dns_net",native_firefox,1,1,63,0,0,0,0,0,0,0,1,1
"054_apple-dns_net",native_firefox_2,1,1,80,0,0,0,0,0,0,0,1,1
"055_skype_com",OpenWPM,73,0,3837,0,0,18,793402,48,4,0,0,1
"055_skype_com",OpenWPM_2,74,0,3774,0,0,18,793402,55,4,0,0,1
"055_skype_com",native_firefox,76,0,52,0,0,25,1012448,53,4,0,0,1
"055_skype_com",native_firefox_2,72,0,65,0,0,23,945632,53,4,0,0,1
"056_yahoo_com",OpenWPM,49,0,48,19,0,8,84104,46,3,0,0,1
"056_yahoo_com",OpenWPM_2,49,0,33,19,0,8,84104,44,3,0,0,1
"056_yahoo_com",native_firefox,28,0,58,3,0,7,84061,24,3,0,0,1
"056_yahoo_com",native_firefox_2,27,0,72,3,0,7,84061,23,3,0,0,1
"057_digicert_com",OpenWPM,153,0,47,38,1,32,534970,135,17,0,0,1
"057_digicert_com",OpenWPM_2,151,0,33,36,1,32,534954,134,16,0,0,1
"057_digicert_com",native_firefox,176,0,60,48,0,34,556460,158,17,0,0,1
"057_digicert_com",native_firefox_2,175,0,75,48,0,34,556460,157,17,0,0,1
"058_domaincontrol_com",OpenWPM,1,1,4009,0,0,0,0,0,0,0,1,1
"058_domaincontrol_com",OpenWPM_2,1,1,4139,0,0,0,0,0,0,0,1,1
"058_domaincontrol_com",native_firefox,1,1,51,0,0,0,0,0,0,0,1,1
"058_domaincontrol_com",native_firefox_2,1,1,64,0,0,0,0,0,0,0,1,1
"059_cloudfront_net",OpenWPM,0,0,0,0,0,0,0,0,0,0,0,1
"059_cloudfront_net",OpenWPM_2,0,0,0,0,0,0,0,0,0,0,0,1
"059_cloudfront_net",native_firefox,1,1,54,0,0,0,0,0,0,0,1,1
"059_cloudfront_net",native_firefox_2,1,1,66,0,0,0,0,0,0,0,1,1
"060_tiktokcdn_com",OpenWPM,1,1,57,0,0,0,0,0,0,0,1,1
"060_tiktokcdn_com",OpenWPM_2,1,1,35,0,0,0,0,0,0,0,1,1
"060_tiktokcdn_com",native_firefox,1,1,67,0,0,0,0,0,0,0,1,1
"060_tiktokcdn_com",native_firefox_2,1,1,78,0,0,0,0,0,0,0,1,1
"061_msn_com",OpenWPM,0,0,0,0,0,0,0,0,0,0,0,1
"061_msn_com",OpenWPM_2,0,0,0,0,0,0,0,0,0,0,0,1
"061_msn_com",native_firefox,598,1,56,66,19,160,2813548,579,14,1,0,1
"061_msn_com",native_firefox_2,653,1,72,71,29,155,2096604,630,14,1,0,1
"062_whatsapp_com",OpenWPM,48,0,56,3,0,24,1650355,47,1,0,0,1
"062_whatsapp_com",OpenWPM_2,46,0,45,3,0,24,1650355,45,1,0,0,1
"062_whatsapp_com",native_firefox,35,2,38,2,0,19,1967843,31,1,0,2,1
"062_whatsapp_com",native_firefox_2,102,0,0,4,0,19,1967843,99,1,0,0,1
"063_goo_gl",OpenWPM,50,0,48,5,0,9,402085,49,1,0,0,1
"063_goo_gl",OpenWPM_2,50,0,34,5,0,9,402085,49,1,0,0,1
"063_goo_gl",native_firefox,49,0,59,4,0,9,402085,48,1,0,0,1
"063_goo_gl",native_firefox_2,49,0,73,4,0,9,402085,47,1,0,0,1
"064_ntp_org",OpenWPM,43,0,47,11,1,10,54293,42,1,0,0,1
"064_ntp_org",OpenWPM_2,42,0,32,10,1,10,54293,41,1,0,0,1
"064_ntp_org",native_firefox,41,0,65,11,1,10,54293,39,1,0,0,1
"064_ntp_org",native_firefox_2,42,0,72,10,1,10,54293,39,1,0,0,1
"065_adobe_com",OpenWPM,225,0,47,8,0,35,2866565,224,1,0,0,1
"065_adobe_com",OpenWPM_2,285,0,35,68,0,35,2866625,284,1,0,0,1
"065_adobe_com",native_firefox,216,0,58,11,0,34,2961585,213,1,0,0,1
"065_adobe_com",native_firefox_2,213,0,71,8,0,34,2961525,210,1,0,0,1
"066_vimeo_com",OpenWPM,150,0,53,19,0,69,10520182,149,1,0,0,1
"066_vimeo_com",OpenWPM_2,143,0,35,17,0,64,10509531,142,1,0,0,1
"066_vimeo_com",native_firefox,144,0,61,0,0,82,11103694,143,1,0,0,1
"066_vimeo_com",native_firefox_2,145,0,76,0,0,83,10624420,144,1,0,0,1
"067_spotify_com",OpenWPM,362,1,45,7,0,12,196657,357,2,1,0,1
"067_spotify_com",OpenWPM_2,362,1,40,7,0,12,196657,358,2,1,0,1
"067_spotify_com",native_firefox,362,1,59,7,0,18,361737,358,2,1,0,1
"067_spotify_com",native_firefox_2,363,1,75,7,0,18,361737,357,2,1,0,1
"068_aiv-cdn_net",OpenWPM,1,1,46,0,0,0,0,0,0,0,1,1
"068_aiv-cdn_net",OpenWPM_2,1,1,34,0,0,0,0,0,0,0,1,1
"068_aiv-cdn_net",native_firefox,1,1,70,0,0,0,0,0,0,0,1,1
"068_aiv-cdn_net",native_firefox_2,1,1,82,0,0,0,0,0,0,0,1,1
"069_gvt2_com",OpenWPM,0,0,0,0,0,0,0,0,0,0,0,1
"069_gvt2_com",OpenWPM_2,0,0,0,0,0,0,0,0,0,0,0,1
"069_gvt2_com",native_firefox,1,1,57,0,1,0,0,0,0,0,1,1
"069_gvt2_com",native_firefox_2,1,1,69,0,1,0,0,0,0,0,1,1
"070_roblox_com",OpenWPM,221,1,54,15,0,23,877690,219,1,1,0,1
"070_roblox_com",OpenWPM_2,221,1,34,15,0,23,877690,219,1,1,0,1
"070_roblox_com",native_firefox,220,1,57,12,0,23,877690,217,1,1,0,1
"070_roblox_com",native_firefox_2,220,1,71,12,0,23,877690,217,1,1,0,1
"071_x_com",OpenWPM,225,2,49,3,0,3,14063,223,0,2,0,1
"071_x_com",OpenWPM_2,229,2,35,4,0,3,14063,225,0,2,0,1
"071_x_com",native_firefox,36,12,59,1,0,1,331,19,3,2,10,1
"071_x_com",native_firefox_2,61,14,69,1,0,1,331,24,1,2,12,1
"072_tiktok_com",OpenWPM,360,0,54,37,0,22,419345,356,3,0,0,1
"072_tiktok_com",OpenWPM_2,358,0,34,36,0,22,413097,355,3,0,0,1
"072_tiktok_com",native_firefox,368,0,119,33,0,22,419981,351,7,0,0,1
"072_tiktok_com",native_firefox_2,354,0,78,33,0,21,415327,334,11,0,0,1
"073_office365_com",OpenWPM,133,0,53,3,0,22,1268033,131,2,0,0,1
"073_office365_com",OpenWPM_2,131,0,35,2,0,22,1268033,129,2,0,0,1
"073_office365_com",native_firefox,68,2,59,0,0,19,1368837,62,3,0,2,1
"073_office365_com",native_firefox_2,104,0,75,0,0,19,1368837,68,3,0,0,1
"074_cloudflare_net",OpenWPM,20,4,45,4,0,2,287,16,0,4,0,1
"074_cloudflare_net",OpenWPM_2,20,4,43,4,0,2,206,16,0,4,0,1
"074_cloudflare_net",native_firefox,19,3,63,4,0,2,258,15,0,3,0,1
"074_cloudflare_net",native_firefox_2,19,3,71,4,0,2,596,15,0,3,0,1
"075_msedge_net",OpenWPM,1,0,53,0,0,0,0,0,0,0,0,1
"075_msedge_net",OpenWPM_2,1,0,35,0,0,0,0,0,0,0,0,1
"075_msedge_net",native_firefox,1,1,63,0,0,0,0,0,0,0,1,1
"075_msedge_net",native_firefox_2,1,1,77,0,0,0,0,0,0,0,1,1
"076_tiktokv_com",OpenWPM,3,2,153,0,0,0,0,1,0,2,0,1
"076_tiktokv_com",OpenWPM_2,3,2,110,0,0,0,0,1,0,2,0,1
"076_tiktokv_com",native_firefox,3,2,60,0,0,0,0,1,0,2,0,1
"076_tiktokv_com",native_firefox_2,3,2,69,0,0,0,0,1,0,2,0,1
"077_wac-msedge_net",OpenWPM,1,1,46,0,0,0,0,0,0,0,1,1
"077_wac-msedge_net",OpenWPM_2,1,1,39,0,0,0,0,0,0,0,1,1
"077_wac-msedge_net",native_firefox,1,1,59,0,0,0,0,0,0,0,1,1
"077_wac-msedge_net",native_firefox_2,1,1,75,0,0,0,0,0,0,0,1,1
"078_bit_ly",OpenWPM,0,0,0,0,0,0,0,0,0,0,0,1
"078_bit_ly",OpenWPM_2,0,0,0,0,0,0,0,0,0,0,0,1
"078_bit_ly",native_firefox,149,0,57,31,2,70,1068600,142,4,0,0,1
"078_bit_ly",native_firefox_2,150,0,71,32,2,70,1068600,144,4,0,0,1
"079_zoom_us",OpenWPM,165,0,51,9,0,94,1859069,163,2,0,0,1
"079_zoom_us",OpenWPM_2,167,0,33,9,0,94,1858626,165,2,0,0,1
"079_zoom_us",native_firefox,113,0,57,6,0,54,1157861,109,3,0,0,1
"079_zoom_us",native_firefox_2,110,0,72,6,0,54,1158144,106,3,0,0,1
"080_l-msedge_net",OpenWPM,1,1,48,0,0,0,0,0,0,0,1,1
"080_l-msedge_net",OpenWPM_2,1,1,36,0,0,0,0,0,0,0,1,1
"080_l-msedge_net",native_firefox,1,1,60,0,0,0,0,0,0,0,1,1
"080_l-msedge_net",native_firefox_2,1,1,78,0,0,0,0,0,0,0,1,1
"081_gvt1_com",OpenWPM,0,0,0,0,0,0,0,0,0,0,0,1
"081_gvt1_com",OpenWPM_2,0,0,0,0,0,0,0,0,0,0,0,1
"081_gvt1_com",native_firefox,1,1,59,0,0,0,0,0,0,0,1,1
"081_gvt1_com",native_firefox_2,1,1,72,0,0,0,0,0,0,0,1,1
"082_ytimg_com",OpenWPM,1,1,49,0,0,0,0,0,0,0,1,1
"082_ytimg_com",OpenWPM_2,1,1,38,0,0,0,0,0,0,0,1,1
"082_ytimg_com",native_firefox,1,1,68,0,0,0,0,0,0,0,1,1
"082_ytimg_com",native_firefox_2,1,1,80,0,0,0,0,0,0,0,1,1
"083_intuit_com",OpenWPM,0,0,0,0,0,0,0,0,0,0,0,1
"083_intuit_com",OpenWPM_2,0,0,0,0,0,0,0,0,0,0,0,1
"083_intuit_com",native_firefox,155,0,54,13,0,22,565503,152,1,0,0,1
"083_intuit_com",native_firefox_2,163,0,67,13,0,21,565129,157,3,0,0,1
"084_qq_com",OpenWPM,244,0,53,49,0,106,3158236,242,1,0,0,1
"084_qq_com",OpenWPM_2,243,0,39,48,0,106,3158236,241,1,0,0,1
"084_qq_com",native_firefox,245,0,60,51,0,105,3158234,243,1,0,0,1
"084_qq_com",native_firefox_2,241,0,76,47,0,105,3158234,239,1,0,0,1
"085_wordpress_com",OpenWPM,67,0,48,20,0,13,22958,63,0,0,0,1
"085_wordpress_com",OpenWPM_2,67,0,34,20,0,13,22958,63,0,0,0,1
"085_wordpress_com",native_firefox,66,0,60,20,0,13,22958,61,0,0,0,1
"085_wordpress_com",native_firefox_2,64,0,73,18,0,13,22958,60,0,0,0,1
"086_a2z_com",OpenWPM,1,1,50,0,0,0,0,0,0,0,1,1
"086_a2z_com",OpenWPM_2,1,1,32,0,0,0,0,0,0,0,1,1
"086_a2z_com",native_firefox,1,1,59,0,0,0,0,0,0,0,1,1
"086_a2z_com",native_firefox_2,1,1,75,0,0,0,0,0,0,0,1,1
"087_mozilla_org",OpenWPM,0,0,0,0,0,0,0,0,0,0,0,1
"087_mozilla_org",OpenWPM_2,0,0,0,0,0,0,0,0,0,0,0,1
"087_mozilla_org",native_firefox,45,0,58,0,0,20,105646,43,2,0,0,1
"087_mozilla_org",native_firefox_2,45,0,71,0,0,20,105646,43,2,0,0,1
"088_samsung_com",OpenWPM,92,1,49,10,2,25,4188887,86,4,0,1,1
"088_samsung_com",OpenWPM_2,83,0,39,9,2,25,4188887,81,2,0,0,1
"088_samsung_com",native_firefox,81,0,63,7,2,26,4271396,79,2,0,0,1
"088_samsung_com",native_firefox_2,82,0,73,8,2,26,4189052,79,2,0,0,1
"089_cdn77_org",OpenWPM,1,1,53,0,0,0,0,0,0,0,1,1
"089_cdn77_org",OpenWPM_2,1,1,37,0,0,0,0,0,0,0,1,1
"089_cdn77_org",native_firefox,1,1,59,0,0,0,0,0,0,0,1,1
"089_cdn77_org",native_firefox_2,1,1,72,0,0,0,0,0,0,0,1,1
"090_google-analytics_com",OpenWPM,0,0,0,0,0,0,0,0,0,0,0,1
"090_google-analytics_com",OpenWPM_2,0,0,0,0,0,0,0,0,0,0,0,1
"090_google-analytics_com",native_firefox,22,0,59,6,0,9,774043,19,3,0,0,1
"090_google-analytics_com",native_firefox_2,22,0,71,6,0,9,774043,19,3,0,0,1
"091_pv-cdn_net",OpenWPM,1,1,52,0,0,0,0,0,0,0,1,1
"091_pv-cdn_net",OpenWPM_2,1,1,39,0,0,0,0,0,0,0,1,1
"091_pv-cdn_net",native_firefox,1,1,59,0,0,0,0,0,0,0,1,1
"091_pv-cdn_net",native_firefox_2,1,1,83,0,0,0,0,0,0,0,1,1
"092_cloudflare-dns_com",OpenWPM,0,0,0,0,0,0,0,0,0,0,0,1
"092_cloudflare-dns_com",OpenWPM_2,0,0,0,0,0,0,0,0,0,0,0,1
"092_cloudflare-dns_com",native_firefox,42,0,57,0,0,7,654352,41,1,0,0,1
"092_cloudflare-dns_com",native_firefox_2,42,0,67,0,0,7,654352,39,1,0,0,1
"093_edgekey_net",OpenWPM,1,1,57,0,0,0,0,0,0,0,1,1
"093_edgekey_net",OpenWPM_2,1,1,33,0,0,0,0,0,0,0,1,1
"093_edgekey_net",native_firefox,1,1,62,0,0,0,0,0,0,0,1,1
"093_edgekey_net",native_firefox_2,1,1,76,0,0,0,0,0,0,0,1,1
"094_googleadservices_com",OpenWPM,0,0,0,0,0,0,0,0,0,0,0,1
"094_googleadservices_com",OpenWPM_2,0,0,0,0,0,0,0,0,0,0,0,1
"094_googleadservices_com",native_firefox,5,2,59,0,0,2,9497,3,0,2,0,1
"094_googleadservices_com",native_firefox_2,5,2,70,0,0,2,9497,3,0,2,0,1
"095_gandi_net",OpenWPM,21,0,55,4,0,4,6409,19,2,0,0,1
"095_gandi_net",OpenWPM_2,21,0,41,4,0,4,6409,19,2,0,0,1
"095_gandi_net",native_firefox,21,0,60,4,0,4,6409,19,2,0,0,1
"095_gandi_net",native_firefox_2,21,0,74,4,0,4,6409,19,2,0,0,1
"096_googledomains_com",OpenWPM,13,0,48,0,0,4,15644,12,1,0,0,1
"096_googledomains_com",OpenWPM_2,13,0,35,0,0,4,15644,12,1,0,0,1
"096_googledomains_com",native_firefox,11,0,57,0,0,4,15644,10,1,0,0,1
"096_googledomains_com",native_firefox_2,11,0,70,0,0,4,15644,10,1,0,0,1
"097_nist_gov",OpenWPM,96,0,48,21,0,34,428801,94,2,0,0,1
"097_nist_gov",OpenWPM_2,96,0,31,21,0,34,428801,94,2,0,0,1
"097_nist_gov",native_firefox,85,0,58,12,0,31,666037,82,2,0,0,1
"097_nist_gov",native_firefox_2,85,0,73,12,0,31,666037,82,2,0,0,1
"098_baidu_com",OpenWPM,124,0,50,4,0,31,717650,123,1,0,0,1
"098_baidu_com",OpenWPM_2,123,0,40,4,0,31,717650,122,1,0,0,1
"098_baidu_com",native_firefox,124,0,62,4,0,31,717650,121,1,0,0,1
"098_baidu_com",native_firefox_2,124,0,74,4,0,31,717650,121,1,0,0,1
"099_cdninstagram_com",OpenWPM,1,1,47,0,0,0,0,0,0,0,1,1
"099_cdninstagram_com",OpenWPM_2,1,1,33,0,0,0,0,0,0,0,1,1
"099_cdninstagram_com",native_firefox,1,1,56,0,0,0,0,0,0,0,1,1
"099_cdninstagram_com",native_firefox_2,1,1,72,0,0,0,0,0,0,0,1,1
"100_nginx_org",OpenWPM,0,0,0,0,0,0,0,0,0,0,0,1
"100_nginx_org",OpenWPM_2,0,0,0,0,0,0,0,0,0,0,0,1
"100_nginx_org",native_firefox,15,0,57,0,0,7,77294,15,0,0,0,1
"100_nginx_org",native_firefox_2,15,0,71,0,0,7,77294,15,0,0,0,1
"101_windows_com",OpenWPM,96,0,55,25,0,22,4376564,91,5,0,0,1
"101_windows_com",OpenWPM_2,97,0,34,25,0,22,4376564,92,5,0,0,1
"101_windows_com",native_firefox,81,1,59,23,0,20,4371970,72,5,0,1,1
"101_windows_com",native_firefox_2,84,2,73,25,0,20,4371970,73,5,0,2,1
"102_ui_com",OpenWPM,107,1,48,18,0,43,6662564,106,0,1,0,1
"102_ui_com",OpenWPM_2,103,1,35,18,0,35,6656554,102,0,1,0,1
"102_ui_com",native_firefox,122,1,69,31,0,44,11556566,120,0,1,0,1
"102_ui_com",native_firefox_2,119,1,75,17,0,49,9206373,118,0,1,0,1
"103_reddit_com",OpenWPM,320,1,47,14,1,128,8887251,318,1,1,0,1
"103_reddit_com",OpenWPM_2,312,1,40,14,1,127,8845559,310,1,1,0,1
"103_reddit_com",native_firefox,282,1,58,13,2,99,4664789,274,1,1,0,1
"103_reddit_com",native_firefox_2,328,1,71,14,2,133,9021100,322,1,1,0,1
"104_opera_com",OpenWPM,107,1,51,11,16,25,924268,103,3,1,0,1
"104_opera_com",OpenWPM_2,105,1,32,9,16,25,924268,101,3,1,0,1
"104_opera_com",native_firefox,108,1,58,9,16,28,2366101,104,3,1,0,1
"104_opera_com",native_firefox_2,105,1,74,9,16,25,1207690,101,3,1,0,1
"105_telekom_de",OpenWPM,144,0,47,15,0,52,242950,141,3,0,0,1
"105_telekom_de",OpenWPM_2,147,0,35,15,0,52,242950,144,3,0,0,1
"105_telekom_de",native_firefox,149,0,61,23,0,59,336352,146,3,0,0,1
"105_telekom_de",native_firefox_2,152,0,70,23,0,59,302604,149,3,0,0,1
"106_wa_me",OpenWPM,30,0,50,4,0,5,46047,29,1,0,0,1
"106_wa_me",OpenWPM_2,30,0,33,4,0,5,46047,29,1,0,0,1
"106_wa_me",native_firefox,7,0,59,3,0,0,0,5,1,0,0,1
"106_wa_me",native_firefox_2,7,0,72,3,0,0,0,5,1,0,0,1
"107_sentry_io",OpenWPM,202,4,46,7,0,49,7785277,193,5,4,0,1
"107_sentry_io",OpenWPM_2,188,6,31,7,0,36,2413899,173,7,6,0,1
"107_sentry_io",native_firefox,221,5,59,10,0,56,7113165,211,3,5,0,1
"107_sentry_io",native_firefox_2,216,7,69,10,0,44,2717412,202,7,7,0,1
"108_akam_net",OpenWPM,1,1,47,0,0,0,0,0,0,0,1,1
"108_akam_net",OpenWPM_2,1,1,33,0,0,0,0,0,0,0,1,1
"108_akam_net",native_firefox,1,1,60,0,0,0,0,0,0,0,1,1
"108_akam_net",native_firefox_2,1,1,78,0,0,0,0,0,0,0,1,1
"109_blogspot_com",OpenWPM,0,0,0,0,0,0,0,0,0,0,0,1
"109_blogspot_com",OpenWPM_2,0,0,0,0,0,0,0,0,0,0,0,1
"109_blogspot_com",native_firefox,71,0,58,0,0,47,1884456,66,5,0,0,1
"109_blogspot_com",native_firefox_2,68,0,72,0,0,47,1692063,63,5,0,0,1
"110_adobe_io",OpenWPM,126,0,56,3,0,9,48400,124,2,0,0,1
"110_adobe_io",OpenWPM_2,126,0,32,3,0,9,48400,124,2,0,0,1
"110_adobe_io",native_firefox,106,3,58,3,0,7,37701,100,2,0,3,1
"110_adobe_io",native_firefox_2,108,5,73,3,0,7,37701,99,2,0,5,1
"111_unity3d_com",OpenWPM,133,0,62,6,0,7,39080,132,1,0,0,1
"111_unity3d_com",OpenWPM_2,133,0,33,6,0,7,39080,132,1,0,0,1
"111_unity3d_com",native_firefox,184,0,59,7,0,8,70104,182,1,0,0,1
"111_unity3d_com",native_firefox_2,186,0,76,7,0,9,74367,184,1,0,0,1
"112_t_me",OpenWPM,64,0,45,0,0,23,1229340,55,1,0,0,1
"112_t_me",OpenWPM_2,64,0,33,0,0,29,1229317,61,1,0,0,1
"112_t_me",native_firefox,43,0,56,0,0,22,1229340,42,1,0,0,1
"112_t_me",native_firefox_2,43,0,68,0,0,22,1229317,42,1,0,0,1
"113_snapchat_com",OpenWPM,78,1,51,6,0,7,2932452,71,1,0,1,1
"113_snapchat_com",OpenWPM_2,77,0,35,6,0,7,2932452,71,1,0,0,1
"113_snapchat_com",native_firefox,74,0,57,4,0,7,2932452,68,1,0,0,1
"113_snapchat_com",native_firefox_2,73,1,72,4,0,7,2932452,67,1,0,1,1
"114_nginx_com",OpenWPM,5,0,47,0,0,0,0,2,1,0,0,1
"114_nginx_com",OpenWPM_2,5,0,32,0,0,0,0,2,1,0,0,1
"114_nginx_com",native_firefox,5,0,60,0,0,0,0,2,1,0,0,1
"114_nginx_com",native_firefox_2,5,0,70,0,0,0,0,2,1,0,0,1
"115_telefonica_de",OpenWPM,37,0,47,1,0,13,1207966,36,1,0,0,1
"115_telefonica_de",OpenWPM_2,37,0,31,1,0,13,1207966,36,1,0,0,1
"115_telefonica_de",native_firefox,42,0,60,1,0,18,1923432,41,1,0,0,1
"115_telefonica_de",native_firefox_2,40,0,70,1,0,16,1572844,39,1,0,0,1
"116_amazon-adsystem_com",OpenWPM,3,2,49,0,3,0,0,1,0,2,0,1
"116_amazon-adsystem_com",OpenWPM_2,3,2,33,0,3,0,0,1,0,2,0,1
"116_amazon-adsystem_com",native_firefox,3,2,61,0,3,0,0,1,0,2,0,1
"116_amazon-adsystem_com",native_firefox_2,3,2,71,0,3,0,0,1,0,2,0,1
"117_edgesuite_net",OpenWPM,1,1,47,0,0,0,0,0,0,0,1,1
"117_edgesuite_net",OpenWPM_2,1,1,32,0,0,0,0,0,0,0,1,1
"117_edgesuite_net",native_firefox,1,1,61,0,0,0,0,0,0,0,1,1
"117_edgesuite_net",native_firefox_2,1,1,84,0,0,0,0,0,0,0,1,1
"118_adnxs_com",OpenWPM,0,0,0,0,0,0,0,0,0,0,0,1
"118_adnxs_com",OpenWPM_2,0,0,0,0,0,0,0,0,0,0,0,1
"118_adnxs_com",native_firefox,3,2,56,0,3,0,0,1,0,2,0,1
"118_adnxs_com",native_firefox_2,3,2,70,0,3,0,0,1,0,2,0,1
"119_europa_eu",OpenWPM,77,0,55,1,0,13,335244,75,1,0,0,1
"119_europa_eu",OpenWPM_2,77,0,39,1,0,13,335244,75,1,0,0,1
"119_europa_eu",native_firefox,72,0,62,1,0,12,346708,71,1,0,0,1
"119_europa_eu",native_firefox_2,73,0,76,1,0,12,333864,71,1,0,0,1
"120_meraki_com",OpenWPM,94,0,48,6,0,63,232173,93,1,0,0,1
"120_meraki_com",OpenWPM_2,114,0,32,6,0,63,232173,93,1,0,0,1
"120_meraki_com",native_firefox,103,0,59,7,0,63,235261,98,3,0,0,1
"120_meraki_com",native_firefox_2,103,0,71,7,0,63,235261,98,3,0,0,1
"121_amazonvideo_com",OpenWPM,90,0,46,8,1,12,482247,88,2,0,0,1
"121_amazonvideo_com",OpenWPM_2,91,0,31,8,1,12,482247,89,2,0,0,1
"121_amazonvideo_com",native_firefox,91,0,60,9,1,12,482247,86,3,0,0,1
"121_amazonvideo_com",native_firefox_2,88,0,72,8,1,12,482247,83,2,0,0,1
"122_rbxcdn_com",OpenWPM,1,1,55,0,0,0,0,0,0,0,1,1
"122_rbxcdn_com",OpenWPM_2,1,1,38,0,0,0,0,0,0,0,1,1
"122_rbxcdn_com",native_firefox,1,1,60,0,0,0,0,0,0,0,1,1
"122_rbxcdn_com",native_firefox_2,1,1,77,0,0,0,0,0,0,0,1,1
"123_app-analytics-services_com",OpenWPM,0,0,0,0,0,0,0,0,0,0,0,1
"123_app-analytics-services_com",OpenWPM_2,0,0,0,0,0,0,0,0,0,0,0,1
"123_app-analytics-services_com",native_firefox,7,2,59,0,0,2,9497,5,0,2,0,1
"123_app-analytics-services_com",native_firefox_2,7,2,67,0,0,2,9497,5,0,2,0,1
"124_outlook_com",OpenWPM,172,0,54,3,0,21,1269647,160,12,0,0,1
"124_outlook_com",OpenWPM_2,172,0,33,3,0,21,1269647,159,12,0,0,1
"124_outlook_com",native_firefox,88,2,67,0,0,2,3297,56,17,0,2,1
"124_outlook_com",native_firefox_2,111,5,75,0,0,2,3297,63,15,0,5,1
"125_dns_google",OpenWPM,29,0,49,0,0,2,7111,29,0,0,0,1
"125_dns_google",OpenWPM_2,29,0,32,0,0,2,7111,29,0,0,0,1
"125_dns_google",native_firefox,13,0,62,0,0,2,7111,13,0,0,0,1
"125_dns_google",native_firefox_2,13,0,71,0,0,2,7111,13,0,0,0,1
"126_vk_com",OpenWPM,182,2,53,27,3,6,7578,178,2,2,0,1
"126_vk_com",OpenWPM_2,185,2,36,29,3,6,7578,179,2,2,0,1
"126_vk_com",native_firefox,180,1,58,25,3,8,7578,172,5,1,0,1
"126_vk_com",native_firefox_2,180,1,72,25,3,8,7578,173,4,1,0,1
"127_apache_org",OpenWPM,39,0,46,2,0,19,454574,39,0,0,0,1
"127_apache_org",OpenWPM_2,39,0,33,2,0,19,454574,39,0,0,0,1
"127_apache_org",native_firefox,39,0,62,2,0,19,454574,39,0,0,0,1
"127_apache_org",native_firefox_2,39,0,73,2,0,19,454574,39,0,0,0,1
"128_myfritz_net",OpenWPM,57,0,49,5,0,7,110949,55,1,0,0,1
"128_myfritz_net",OpenWPM_2,58,0,32,5,0,7,110970,55,1,0,0,1
"128_myfritz_net",native_firefox,58,0,58,5,0,6,110945,54,1,0,0,1
"128_myfritz_net",native_firefox_2,57,0,68,5,0,8,133162,56,1,0,0,1
"129_amazon_dev",OpenWPM,1,1,50,0,0,0,0,0,0,0,1,1
"129_amazon_dev",OpenWPM_2,1,1,34,0,0,0,0,0,0,0,1,1
"129_amazon_dev",native_firefox,1,1,60,0,0,0,0,0,0,0,1,1
"129_amazon_dev",native_firefox_2,1,1,76,0,0,0,0,0,0,0,1,1
"130_msftncsi_com",OpenWPM,0,0,0,0,0,0,0,0,0,0,0,1
"130_msftncsi_com",OpenWPM_2,0,0,0,0,0,0,0,0,0,0,0,1
"130_msftncsi_com",native_firefox,1,1,58,0,0,0,0,0,0,0,1,1
"130_msftncsi_com",native_firefox_2,1,1,68,0,0,0,0,0,0,0,1,1
"131_github_io",OpenWPM,51,0,55,0,0,18,3009480,48,2,0,0,1
"131_github_io",OpenWPM_2,50,0,40,0,0,18,3009480,48,2,0,0,1
"131_github_io",native_firefox,50,0,64,0,0,19,3010623,47,2,0,0,1
"131_github_io",native_firefox_2,51,0,82,0,0,19,3010623,48,2,0,0,1
"132_dropbox_com",OpenWPM,278,0,50,41,0,4,4737171,253,2,0,0,1
"132_dropbox_com",OpenWPM_2,277,0,37,40,0,4,4737171,253,2,0,0,1
"132_dropbox_com",native_firefox,275,0,60,39,0,8,5224452,249,2,0,0,1
"132_dropbox_com",native_firefox_2,272,0,71,37,0,7,5108719,247,2,0,0,1
"133_yandex_net",OpenWPM,53,0,48,19,1,16,3514,49,4,0,0,1
"133_yandex_net",OpenWPM_2,74,0,32,40,1,17,3557,70,4,0,0,1
"133_yandex_net",native_firefox,48,0,62,14,1,13,3385,43,5,0,0,1
"133_yandex_net",native_firefox_2,50,0,70,16,1,13,3385,43,5,0,0,1
"134_lencr_org",OpenWPM,25,0,54,2,0,4,19018,23,2,0,0,1
"134_lencr_org",OpenWPM_2,25,0,42,2,0,4,19001,23,2,0,0,1
"134_lencr_org",native_firefox,25,0,61,2,0,4,18979,23,2,0,0,1
"134_lencr_org",native_firefox_2,25,0,78,2,0,4,18979,23,2,0,0,1
"135_one_one",OpenWPM,92,0,50,10,2,14,158156,90,2,0,0,1
"135_one_one",OpenWPM_2,92,0,36,10,2,14,158156,90,2,0,0,1
"135_one_one",native_firefox,91,0,64,9,2,14,158156,89,2,0,0,1
"135_one_one",native_firefox_2,91,0,69,9,2,14,158156,89,2,0,0,1
"136_gravatar_com",OpenWPM,42,0,48,12,0,20,3684466,42,0,0,0,1
"136_gravatar_com",OpenWPM_2,42,0,33,12,0,20,3684466,42,0,0,0,1
"136_gravatar_com",native_firefox,40,0,59,11,0,20,5043396,40,0,0,0,1
"136_gravatar_com",native_firefox_2,40,0,70,11,0,20,5043396,40,0,0,0,1
"137_criteo_com",OpenWPM,175,1,48,38,0,72,2399342,173,1,1,0,1
"137_criteo_com",OpenWPM_2,172,1,33,36,0,73,2399585,170,1,1,0,1
"137_criteo_com",native_firefox,162,0,60,26,0,70,2443619,160,1,0,0,1
"137_criteo_com",native_firefox_2,163,0,74,26,0,70,2443619,160,1,0,0,1
"138_app-measurement_com",OpenWPM,7,2,54,0,0,2,9497,5,0,2,0,1
"138_app-measurement_com",OpenWPM_2,7,2,38,0,0,2,9497,5,0,2,0,1
"138_app-measurement_com",native_firefox,7,2,58,0,0,2,9497,5,0,2,0,1
"138_app-measurement_com",native_firefox_2,7,2,75,0,0,2,9497,5,0,2,0,1
"139_pki_goog",OpenWPM,32,0,49,8,0,6,952744,32,0,0,0,1
"139_pki_goog",OpenWPM_2,32,0,35,8,0,6,952744,32,0,0,0,1
"139_pki_goog",native_firefox,31,0,60,7,0,6,952744,31,0,0,0,1
"139_pki_goog",native_firefox_2,30,0,72,7,0,6,952744,30,0,0,0,1
"140_tumblr_com",OpenWPM,389,4,49,10,0,22,24570478,384,1,4,0,1
"140_tumblr_com",OpenWPM_2,389,4,39,10,0,22,24570478,384,1,4,0,1
"140_tumblr_com",native_firefox,252,0,70,9,0,18,24563508,248,1,0,0,1
"140_tumblr_com",native_firefox_2,245,0,76,9,0,19,24563847,240,1,0,0,1
"141_epicgames_com",OpenWPM,17,2,50,0,0,2,402,14,1,2,0,1
"141_epicgames_com",OpenWPM_2,17,2,38,0,0,2,234,14,1,2,0,1
"141_epicgames_com",native_firefox,115,1,63,3,0,34,1244051,110,4,1,0,1
"141_epicgames_com",native_firefox_2,17,2,78,0,0,2,496,14,1,2,0,1
"142_b-cdn_net",OpenWPM,134,3,48,6,0,90,3348676,130,1,3,0,1
"142_b-cdn_net",OpenWPM_2,137,3,34,8,0,91,6212377,133,1,3,0,1
"142_b-cdn_net",native_firefox,139,3,58,6,0,92,3355260,135,1,3,0,1
"142_b-cdn_net",native_firefox_2,140,3,76,7,0,91,6212377,136,1,3,0,1
"143_applovin_com",OpenWPM,73,0,49,1,0,32,603580,71,2,0,0,1
"143_applovin_com",OpenWPM_2,73,0,29,1,0,32,603580,71,2,0,0,1
"143_applovin_com",native_firefox,75,0,60,1,0,34,6557687,73,2,0,0,1
"143_applovin_com",native_firefox_2,76,0,73,1,0,34,6557687,74,2,0,0,1
"144_archive_org",OpenWPM,77,0,54,3,0,14,110014,77,0,0,0,1
"144_archive_org",OpenWPM_2,77,0,36,3,0,14,110014,77,0,0,0,1
"144_archive_org",native_firefox,75,0,60,3,0,14,110014,74,0,0,0,1
"144_archive_org",native_firefox_2,75,0,71,3,0,14,110014,74,0,0,0,1
"145_ggpht_com",OpenWPM,1,1,53,0,0,0,0,0,0,0,1,1
"145_ggpht_com",OpenWPM_2,1,1,35,0,0,0,0,0,0,0,1,1
"145_ggpht_com",native_firefox,1,1,59,0,0,0,0,0,0,0,1,1
"145_ggpht_com",native_firefox_2,1,1,82,0,0,0,0,0,0,0,1,1
"146_casalemedia_com",OpenWPM,0,0,0,0,0,0,0,0,0,0,0,1
"146_casalemedia_com",OpenWPM_2,0,0,0,0,0,0,0,0,0,0,0,1
"146_casalemedia_com",native_firefox,92,0,56,1,2,37,4165291,90,2,0,0,1
"146_casalemedia_com",native_firefox_2,92,0,69,1,2,37,4165291,90,2,0,0,1
"147_comcast_net",OpenWPM,1,1,53,0,0,0,0,0,0,0,1,1
"147_comcast_net",OpenWPM_2,1,1,38,0,0,0,0,0,0,0,1,1
"147_comcast_net",native_firefox,1,1,59,0,0,0,0,0,0,0,1,1
"147_comcast_net",native_firefox_2,1,1,70,0,0,0,0,0,0,0,1,1
"148_3gppnetwork_org",OpenWPM,0,0,0,0,0,0,0,0,0,0,0,1
"148_3gppnetwork_org",OpenWPM_2,0,0,0,0,0,0,0,0,0,0,0,1
"148_3gppnetwork_org",native_firefox,1,1,54,0,0,0,0,0,0,0,1,1
"148_3gppnetwork_org",native_firefox_2,1,1,69,0,0,0,0,0,0,0,1,1
"149_slack_com",OpenWPM,134,2,51,4,0,58,53852063,123,9,2,0,1
"149_slack_com",OpenWPM_2,129,2,34,3,0,54,71846672,118,9,2,0,1
"149_slack_com",native_firefox,136,2,58,3,0,57,95301604,120,13,2,0,1
"149_slack_com",native_firefox_2,136,2,74,3,0,57,95301604,120,13,2,0,1
"150_miit_gov_cn",OpenWPM,1,1,53,0,0,0,0,0,0,0,1,1
"150_miit_gov_cn",OpenWPM_2,1,1,38,0,0,0,0,0,0,0,1,1
"150_miit_gov_cn",native_firefox,1,1,57,0,0,0,0,0,0,0,1,1
"150_miit_gov_cn",native_firefox_2,1,1,71,0,0,0,0,0,0,0,1,1
"151_bytefcdn-oversea_com",OpenWPM,0,0,0,0,0,0,0,0,0,0,0,1
"151_bytefcdn-oversea_com",OpenWPM_2,0,0,0,0,0,0,0,0,0,0,0,1
"151_bytefcdn-oversea_com",native_firefox,1,1,57,0,0,0,0,0,0,0,1,1
"151_bytefcdn-oversea_com",native_firefox_2,1,1,69,0,0,0,0,0,0,0,1,1
"152_xiaomi_com",OpenWPM,139,0,52,22,2,38,1283481,137,2,0,0,1
"152_xiaomi_com",OpenWPM_2,4,0,37,0,0,0,0,3,1,0,0,1
"152_xiaomi_com",native_firefox,136,0,75,20,2,40,1292982,133,2,0,0,1
"152_xiaomi_com",native_firefox_2,134,0,76,20,2,38,1283132,131,2,0,0,1
"153_steamserver_net",OpenWPM,1,1,47,0,0,0,0,0,0,0,1,1
"153_steamserver_net",OpenWPM_2,1,1,36,0,0,0,0,0,0,0,1,1
"153_steamserver_net",native_firefox,1,1,60,0,0,0,0,0,0,0,1,1
"153_steamserver_net",native_firefox_2,1,1,80,0,0,0,0,0,0,0,1,1
"154_nih_gov",OpenWPM,0,0,0,0,0,0,0,0,0,0,0,1
"154_nih_gov",OpenWPM_2,0,0,0,0,0,0,0,0,0,0,0,1
"154_nih_gov",native_firefox,82,0,61,30,0,26,713884,80,2,0,0,1
"154_nih_gov",native_firefox_2,85,0,70,33,0,26,713884,82,2,0,0,1
"155_nytimes_com",OpenWPM,452,0,57,27,4,164,8742242,451,1,0,0,1
"155_nytimes_com",OpenWPM_2,456,0,35,29,5,164,8742242,455,1,0,0,1
"155_nytimes_com",native_firefox,446,0,63,31,3,136,7836482,410,1,0,0,1
"155_nytimes_com",native_firefox_2,399,0,74,29,3,131,935988,398,1,0,0,1
"156_nflxso_net",OpenWPM,1,1,48,0,0,0,0,0,0,0,1,1
"156_nflxso_net",OpenWPM_2,1,1,44,0,0,0,0,0,0,0,1,1
"156_nflxso_net",native_firefox,1,1,61,0,0,0,0,0,0,0,1,1
"156_nflxso_net",native_firefox_2,1,1,78,0,0,0,0,0,0,0,1,1
"157_paypal_com",OpenWPM,0,0,0,0,0,0,0,0,0,0,0,1
"157_paypal_com",OpenWPM_2,0,0,0,0,0,0,0,0,0,0,0,1
"157_paypal_com",native_firefox,117,0,56,9,0,12,262718,112,3,0,0,1
"157_paypal_com",native_firefox_2,121,0,72,9,0,13,581787,115,4,0,0,1
"158_macromedia_com",OpenWPM,1,0,57,0,0,0,0,0,0,0,0,1
"158_macromedia_com",OpenWPM_2,1,0,38,0,0,0,0,0,0,0,0,1
"158_macromedia_com",native_firefox,1,1,62,0,0,0,0,0,0,0,1,1
"158_macromedia_com",native_firefox_2,1,1,71,0,0,0,0,0,0,0,1,1
"159_webex_com",OpenWPM,153,2,49,26,4,68,13326984,150,1,2,0,1
"159_webex_com",OpenWPM_2,152,2,38,26,4,67,13325182,149,1,2,0,1
"159_webex_com",native_firefox,152,2,56,26,4,68,13326984,147,1,2,0,1
"159_webex_com",native_firefox_2,151,1,71,26,4,68,13326984,148,1,1,0,1
"160_tiktokcdn-us_com",OpenWPM,1,1,47,0,0,0,0,0,0,0,1,1
"160_tiktokcdn-us_com",OpenWPM_2,1,1,33,0,0,0,0,0,0,0,1,1
"160_tiktokcdn-us_com",native_firefox,1,1,60,0,0,0,0,0,0,0,1,1
"160_tiktokcdn-us_com",native_firefox_2,1,1,74,0,0,0,0,0,0,0,1,1
"161_forms_gle",OpenWPM,0,0,0,0,0,0,0,0,0,0,0,1
"161_forms_gle",OpenWPM_2,0,0,0,0,0,0,0,0,0,0,0,1
"161_forms_gle",native_firefox,3,2,57,0,0,0,0,1,0,2,0,1
"161_forms_gle",native_firefox_2,3,2,70,0,0,0,0,1,0,2,0,1
"162_azurewebsites_net",OpenWPM,1,1,48,0,0,0,0,0,0,0,1,1
"162_azurewebsites_net",OpenWPM_2,1,1,35,0,0,0,0,0,0,0,1,1
"162_azurewebsites_net",native_firefox,1,1,63,0,0,0,0,0,0,0,1,1
"162_azurewebsites_net",native_firefox_2,1,1,83,0,0,0,0,0,0,0,1,1
"163_rubiconproject_com",OpenWPM,0,0,0,0,0,0,0,0,0,0,0,1
"163_rubiconproject_com",OpenWPM_2,0,0,0,0,0,0,0,0,0,0,0,1
"163_rubiconproject_com",native_firefox,104,0,57,27,3,21,966896,103,1,0,0,1
"163_rubiconproject_com",native_firefox_2,102,0,66,25,3,21,966896,100,1,0,0,1
"164_aliyuncs_com",OpenWPM,3,2,52,0,0,0,0,1,0,2,0,1
"164_aliyuncs_com",OpenWPM_2,3,2,40,0,0,0,0,1,0,2,0,1
"164_aliyuncs_com",native_firefox,3,2,58,0,0,0,0,1,0,2,0,1
"164_aliyuncs_com",native_firefox_2,3,2,72,0,0,0,0,1,0,2,0,1
"165_flickr_com",OpenWPM,134,4,50,8,0,36,155592,129,1,4,0,1
"165_flickr_com",OpenWPM_2,136,4,34,8,0,36,155580,131,1,4,0,1
"165_flickr_com",native_firefox,136,4,58,8,0,37,144943,131,1,4,0,1
"165_flickr_com",native_firefox_2,133,3,74,8,0,36,145002,129,1,3,0,1
"166_cedexis_net",OpenWPM,1,1,51,0,0,0,0,0,0,0,1,1
"166_cedexis_net",OpenWPM_2,1,1,40,0,0,0,0,0,0,0,1,1
"166_cedexis_net",native_firefox,1,1,63,0,0,0,0,0,0,0,1,1
"166_cedexis_net",native_firefox_2,1,1,75,0,0,0,0,0,0,0,1,1
"167_spo-msedge_net",OpenWPM,0,0,0,0,0,0,0,0,0,0,0,1
"167_spo-msedge_net",OpenWPM_2,0,0,0,0,0,0,0,0,0,0,0,1
"167_spo-msedge_net",native_firefox,1,1,54,0,0,0,0,0,0,0,1,1
"167_spo-msedge_net",native_firefox_2,1,1,67,0,0,0,0,0,0,0,1,1
"168_roku_com",OpenWPM,78,4,52,30,0,21,112966,73,1,4,0,1
"168_roku_com",OpenWPM_2,79,4,38,31,0,21,112966,73,1,4,0,1
"168_roku_com",native_firefox,63,4,65,18,0,17,112870,57,1,4,0,1
"168_roku_com",native_firefox_2,65,4,77,18,0,17,112870,58,1,4,0,1
"169_nic_ru",OpenWPM,144,1,48,36,20,40,1441827,127,15,1,0,1
"169_nic_ru",OpenWPM_2,143,2,34,36,18,42,1441913,127,12,1,1,1
"169_nic_ru",native_firefox,139,1,60,31,18,36,1441655,123,14,1,0,1
"169_nic_ru",native_firefox_2,120,2,71,32,13,38,1441741,105,12,1,1,1
"170_demdex_net",OpenWPM,1,1,71,1,0,0,0,0,0,0,1,1
"170_demdex_net",OpenWPM_2,1,1,42,1,0,0,0,0,0,0,1,1
"170_demdex_net",native_firefox,1,1,66,1,0,0,0,0,0,0,1,1
"170_demdex_net",native_firefox_2,1,1,82,1,0,0,0,0,0,0,1,1
"171_shopify_com",OpenWPM,0,0,0,0,0,0,0,0,0,0,0,1
"171_shopify_com",OpenWPM_2,0,0,0,0,0,0,0,0,0,0,0,1
"171_shopify_com",native_firefox,62,0,61,0,0,18,258006,60,2,0,0,1
"171_shopify_com",native_firefox_2,51,0,67,0,0,10,225310,50,1,0,0,1
"172_f5_com",OpenWPM,5,0,53,0,0,0,0,2,1,0,0,1
"172_f5_com",OpenWPM_2,5,0,32,0,0,0,0,2,1,0,0,1
"172_f5_com",native_firefox,5,0,59,0,0,0,0,2,1,0,0,1
"172_f5_com",native_firefox_2,5,0,73,0,0,0,0,2,1,0,0,1
"173_discord_com",OpenWPM,119,1,51,1,0,65,10080370,117,1,1,0,1
"173_discord_com",OpenWPM_2,119,1,40,1,0,65,10080371,117,1,1,0,1
"173_discord_com",native_firefox,121,1,59,1,0,67,10642002,119,1,1,0,1
"173_discord_com",native_firefox_2,121,1,73,2,0,66,10594470,119,1,1,0,1
"174_cnn_com",OpenWPM,159,0,48,29,4,52,10654277,155,4,0,0,1
"174_cnn_com",OpenWPM_2,160,0,33,30,4,52,10654277,156,4,0,0,1
"174_cnn_com",native_firefox,179,0,64,27,4,55,11244356,151,26,0,0,1
"174_cnn_com",native_firefox_2,178,0,71,25,4,76,11336991,171,6,0,0,1
"175_azurefd_net",OpenWPM,1,1,52,0,0,0,0,0,0,0,1,1
"175_azurefd_net",OpenWPM_2,1,1,37,0,0,0,0,0,0,0,1,1
"175_azurefd_net",native_firefox,1,1,60,0,0,0,0,0,0,0,1,1
"175_azurefd_net",native_firefox_2,1,1,91,0,0,0,0,0,0,0,1,1
"176_omtrdc_net",OpenWPM,0,0,0,0,0,0,0,0,0,0,0,1
"176_omtrdc_net",OpenWPM_2,0,0,0,0,0,0,0,0,0,0,0,1
"176_omtrdc_net",native_firefox,3,1,71,1,0,0,0,2,0,0,1,1
"176_omtrdc_net",native_firefox_2,3,1,73,1,0,0,0,2,0,0,1,1
"177_medium_com",OpenWPM,72,0,58,18,0,5,68791,71,1,0,0,1
"177_medium_com",OpenWPM_2,70,0,38,18,0,4,58697,67,1,0,0,1
"177_medium_com",native_firefox,67,0,57,16,0,5,67087,65,1,0,0,1
"177_medium_com",native_firefox_2,69,0,77,17,0,4,58697,66,1,0,0,1
"178_soundcloud_com",OpenWPM,154,1,46,12,32,16,1161870,152,1,1,0,1
"178_soundcloud_com",OpenWPM_2,153,1,31,9,32,16,1161870,151,1,1,0,1
"178_soundcloud_com",native_firefox,155,1,60,15,31,16,1161870,152,1,1,0,1
"178_soundcloud_com",native_firefox_2,156,1,72,15,32,16,1161870,154,1,1,0,1
"179_forbes_com",OpenWPM,59,2,49,2,0,14,514493,54,3,2,0,1
"179_forbes_com",OpenWPM_2,59,2,32,2,0,14,514493,54,3,2,0,1
"179_forbes_com",native_firefox,66,2,60,2,0,14,514493,59,3,2,0,1
"179_forbes_com",native_firefox_2,66,2,71,2,0,14,514493,60,3,2,0,1
"180_taboola_com",OpenWPM,121,0,52,15,1,57,22571558,120,1,0,0,1
"180_taboola_com",OpenWPM_2,122,0,37,15,1,58,22588609,121,1,0,0,1
"180_taboola_com",native_firefox,116,0,63,14,1,58,22613610,115,1,0,0,1
"180_taboola_com",native_firefox_2,121,0,74,14,1,58,22613610,119,1,0,0,1
"181_w3_org",OpenWPM,22,0,54,0,0,9,54794,21,1,0,0,1
"181_w3_org",OpenWPM_2,19,0,42,0,0,6,25285,18,1,0,0,1
"181_w3_org",native_firefox,26,0,62,0,0,13,259151,25,1,0,0,1
"181_w3_org",native_firefox_2,25,0,78,0,0,12,74247,24,1,0,0,1
"182_t_co",OpenWPM,5,0,58,0,0,2,1023,5,0,0,0,1
"182_t_co",OpenWPM_2,5,0,38,0,0,2,1023,5,0,0,0,1
"182_t_co",native_firefox,5,0,65,0,0,2,1023,5,0,0,0,1
"182_t_co",native_firefox_2,5,0,78,0,0,2,1023,5,0,0,0,1
"183_cdn-apple_com",OpenWPM,1,1,47,0,0,0,0,0,0,0,1,1
"183_cdn-apple_com",OpenWPM_2,1,1,33,0,0,0,0,0,0,0,1,1
"183_cdn-apple_com",native_firefox,1,1,64,0,0,0,0,0,0,0,1,1
"183_cdn-apple_com",native_firefox_2,1,1,78,0,0,0,0,0,0,0,1,1
"184_doubleverify_com",OpenWPM,0,0,0,0,0,0,0,0,0,0,0,1
"184_doubleverify_com",OpenWPM_2,0,0,0,0,0,0,0,0,0,0,0,1
"184_doubleverify_com",native_firefox,102,0,63,24,1,31,98975528,102,0,0,0,1
"184_doubleverify_com",native_firefox_2,103,0,82,25,1,31,98975528,103,0,0,0,1
"185_msftconnecttest_com",OpenWPM,1,1,55,0,0,0,0,0,0,0,1,1
"185_msftconnecttest_com",OpenWPM_2,1,1,33,0,0,0,0,0,0,0,1,1
"185_msftconnecttest_com",native_firefox,1,1,61,0,0,0,0,0,0,0,1,1
"185_msftconnecttest_com",native_firefox_2,1,1,82,0,0,0,0,0,0,0,1,1
"186_akamaihd_net",OpenWPM,0,0,0,0,0,0,0,0,0,0,0,1
"186_akamaihd_net",OpenWPM_2,0,0,0,0,0,0,0,0,0,0,0,1
"186_akamaihd_net",native_firefox,1,1,56,0,0,0,0,0,0,0,1,1
"186_akamaihd_net",native_firefox_2,1,1,68,0,0,0,0,0,0,0,1,1
"187_example_com",OpenWPM,3,0,59,0,0,0,0,2,0,0,0,1
"187_example_com",OpenWPM_2,3,1,35,0,0,0,0,2,0,1,0,1
"187_example_com",native_firefox,3,0,57,0,0,0,0,2,0,0,0,1
"187_example_com",native_firefox_2,3,1,72,0,0,0,0,2,0,1,0,1
"188_spov-msedge_net",OpenWPM,1,1,46,0,0,0,0,0,0,0,1,1
"188_spov-msedge_net",OpenWPM_2,1,1,30,0,0,0,0,0,0,0,1,1
"188_spov-msedge_net",native_firefox,1,1,57,0,0,0,0,0,0,0,1,1
"188_spov-msedge_net",native_firefox_2,1,1,69,0,0,0,0,0,0,0,1,1
"189_android_com",OpenWPM,0,0,0,0,0,0,0,0,0,0,0,1
"189_android_com",OpenWPM_2,0,0,0,0,0,0,0,0,0,0,0,1
"189_android_com",native_firefox,49,0,62,0,0,6,3204686,48,1,0,0,1
"189_android_com",native_firefox_2,49,0,73,0,0,6,2707225,48,1,0,0,1
"190_theguardian_com",OpenWPM,151,0,54,50,0,20,122993,149,2,0,0,1
"190_theguardian_com",OpenWPM_2,153,0,34,52,0,20,122993,151,2,0,0,1
"190_theguardian_com",native_firefox,155,0,64,52,0,20,190314,153,2,0,0,1
"190_theguardian_com",native_firefox_2,154,0,78,53,0,20,190314,152,2,0,0,1
"191_gmail_com",OpenWPM,40,1,46,4,0,1,1494,34,5,1,0,1
"191_gmail_com",OpenWPM_2,42,1,29,4,0,1,1494,36,5,1,0,1
"191_gmail_com",native_firefox,36,0,55,4,0,1,1494,31,5,0,0,1
"191_gmail_com",native_firefox_2,35,0,68,4,0,1,1494,30,5,0,0,1
"192_ttvnw_net",OpenWPM,1,1,48,0,0,0,0,0,0,0,1,1
"192_ttvnw_net",OpenWPM_2,1,1,31,0,0,0,0,0,0,0,1,1
"192_ttvnw_net",native_firefox,1,1,62,0,0,0,0,0,0,0,1,1
"192_ttvnw_net",native_firefox_2,1,1,80,0,0,0,0,0,0,0,1,1
"193_yandex_ru",OpenWPM,0,0,0,0,0,0,0,0,0,0,0,1
"193_yandex_ru",OpenWPM_2,0,0,0,0,0,0,0,0,0,0,0,1
"193_yandex_ru",native_firefox,154,0,58,46,19,57,1700545,153,1,0,0,1
"193_yandex_ru",native_firefox_2,148,1,70,57,20,54,564584,138,2,0,1,1
"194_salesforce_com",OpenWPM,191,0,53,17,0,35,3933230,185,6,0,0,1
"194_salesforce_com",OpenWPM_2,187,0,33,15,0,34,3933230,181,6,0,0,1
"194_salesforce_com",native_firefox,217,0,60,15,0,57,2203390,205,9,0,0,1
"194_salesforce_com",native_firefox_2,208,0,72,17,0,54,2125795,198,7,0,0,1
"195_xcal_tv",OpenWPM,1,1,48,0,0,0,0,0,0,0,1,1
"195_xcal_tv",OpenWPM_2,1,1,36,0,0,0,0,0,0,0,1,1
"195_xcal_tv",native_firefox,1,1,61,0,0,0,0,0,0,0,1,1
"195_xcal_tv",native_firefox_2,1,1,74,0,0,0,0,0,0,0,1,1
"196_s-msedge_net",OpenWPM,0,0,0,0,0,0,0,0,0,0,0,1
"196_s-msedge_net",OpenWPM_2,0,0,0,0,0,0,0,0,0,0,0,1
"196_s-msedge_net",native_firefox,1,1,55,0,0,0,0,0,0,0,1,1
"196_s-msedge_net",native_firefox_2,1,1,69,0,0,0,0,0,0,0,1,1
"197_userapi_com",OpenWPM,173,2,53,28,2,5,7535,165,3,2,0,1
"197_userapi_com",OpenWPM_2,162,2,33,27,2,6,7578,155,3,2,0,1
"197_userapi_com",native_firefox,72,17,56,17,2,3,129,37,3,1,16,1
"197_userapi_com",native_firefox_2,108,5,71,17,2,3,129,34,4,1,4,1
"198_vungle_com",OpenWPM,182,1,47,33,2,69,8747650,179,2,1,0,1
"198_vungle_com",OpenWPM_2,182,1,35,33,2,69,595400,179,2,1,0,1
"198_vungle_com",native_firefox,196,1,61,38,2,72,92936988,193,2,1,0,1
"198_vungle_com",native_firefox_2,183,1,71,32,2,70,8838238,179,2,1,0,1
"199_discord_gg",OpenWPM,120,1,63,1,0,65,10080370,118,1,1,0,1
"199_discord_gg",OpenWPM_2,120,1,41,1,0,65,10080371,118,1,1,0,1
"199_discord_gg",native_firefox,63,26,66,1,0,4,1272858,34,2,1,25,1
"199_discord_gg",native_firefox_2,33,2,70,1,0,0,0,23,3,1,1,1
"1_calibration",OpenWPM,2,1,139,0,0,0,0,1,0,1,0,1
"1_calibration",OpenWPM_2,2,1,439,0,0,0,0,1,0,1,0,1
"1_calibration",native_firefox,2,1,125,0,0,0,0,1,0,1,0,1
"1_calibration",native_firefox_2,2,1,53,0,0,0,0,1,0,1,0,1
"200_miui_com",OpenWPM,33,4,50,3,0,3,258482,28,1,1,3,1
"200_miui_com",OpenWPM_2,37,1,37,7,0,4,258525,33,1,1,0,1
"200_miui_com",native_firefox,46,2,64,6,0,10,356811,43,1,1,1,1
"200_miui_com",native_firefox_2,46,1,73,6,0,10,356811,43,1,1,0,1
"201_pubmatic_com",OpenWPM,123,0,49,12,71,39,6625381,123,0,0,0,1
"201_pubmatic_com",OpenWPM_2,123,0,33,12,71,39,6625381,123,0,0,0,1
"201_pubmatic_com",native_firefox,123,0,76,12,70,39,6637459,123,0,0,0,1
"201_pubmatic_com",native_firefox_2,123,0,74,12,70,39,6637459,123,0,0,0,1
"202_chatgpt_com",OpenWPM,166,7,47,4,0,3,39394,158,1,7,0,1
"202_chatgpt_com",OpenWPM_2,167,7,37,3,0,4,43364,159,1,7,0,1
"202_chatgpt_com",native_firefox,167,0,62,0,0,4,43364,156,1,0,0,1
"202_chatgpt_com",native_firefox_2,169,0,72,0,0,4,43364,168,1,0,0,1
"203_forter_com",OpenWPM,86,0,46,10,0,40,1301566,85,1,0,0,1
"203_forter_com",OpenWPM_2,95,2,33,11,0,40,1301566,86,1,0,2,1
"203_forter_com",native_firefox,100,0,63,10,0,54,1858567,99,1,0,0,1
"203_forter_com",native_firefox_2,98,0,74,10,0,52,1717440,97,1,0,0,1
"204_registrar-servers_com",OpenWPM,1,1,57,0,0,0,0,0,0,0,1,1
"204_registrar-servers_com",OpenWPM_2,1,1,37,0,0,0,0,0,0,0,1,1
"204_registrar-servers_com",native_firefox,1,1,63,0,0,0,0,0,0,0,1,1
"204_registrar-servers_com",native_firefox_2,1,1,77,0,0,0,0,0,0,0,1,1
"205_ksyuncdn_com",OpenWPM,0,0,0,0,0,0,0,0,0,0,0,1
"205_ksyuncdn_com",OpenWPM_2,0,0,0,0,0,0,0,0,0,0,0,1
"205_ksyuncdn_com",native_firefox,1,1,57,0,0,0,0,0,0,0,1,1
"205_ksyuncdn_com",native_firefox_2,1,1,67,0,0,0,0,0,0,0,1,1
"206_creativecommons_org",OpenWPM,52,0,50,5,0,27,4854430,52,0,0,0,1
"206_creativecommons_org",OpenWPM_2,52,0,35,5,0,27,4854430,52,0,0,0,1
"206_creativecommons_org",native_firefox,51,0,59,5,0,21,4837438,46,1,0,0,1
"206_creativecommons_org",native_firefox_2,52,0,73,5,0,22,4844343,47,0,0,0,1
"207_weather_com",OpenWPM,209,0,47,54,4,40,184428,208,1,0,0,1
"207_weather_com",OpenWPM_2,209,0,33,54,4,38,184174,208,1,0,0,1
"207_weather_com",native_firefox,197,0,63,43,4,35,219396,196,1,0,0,1
"207_weather_com",native_firefox_2,194,0,74,39,4,33,219142,191,1,0,0,1
"208_bbc_co_uk",OpenWPM,5,2,55,0,0,0,0,2,1,2,0,1
"208_bbc_co_uk",OpenWPM_2,5,2,34,0,0,0,0,2,1,2,0,1
"208_bbc_co_uk",native_firefox,262,1,62,63,25,35,919002,258,1,1,0,1
"208_bbc_co_uk",native_firefox_2,5,2,77,0,0,0,0,2,1,2,0,1
"209_jomodns_com",OpenWPM,1,1,49,0,0,0,0,0,0,0,1,1
"209_jomodns_com",OpenWPM_2,1,1,39,0,0,0,0,0,0,0,1,1
"209_jomodns_com",native_firefox,1,1,60,0,0,0,0,0,0,0,1,1
"209_jomodns_com",native_firefox_2,1,1,71,0,0,0,0,0,0,0,1,1
"210_scorecardresearch_com",OpenWPM,0,0,0,0,0,0,0,0,0,0,0,1
"210_scorecardresearch_com",OpenWPM_2,0,0,0,0,0,0,0,0,0,0,0,1
"210_scorecardresearch_com",native_firefox,24,1,54,5,0,5,13786,21,2,1,0,1
"210_scorecardresearch_com",native_firefox_2,25,1,68,6,0,5,13786,22,2,1,0,1
"211_twitch_tv",OpenWPM,257,2,55,6,18,48,676800,253,1,2,0,1
"211_twitch_tv",OpenWPM_2,257,2,32,5,18,48,677817,254,1,2,0,1
"211_twitch_tv",native_firefox,250,2,65,0,23,52,781383,245,1,2,0,1
"211_twitch_tv",native_firefox_2,258,2,76,0,23,58,801640,253,1,2,0,1
"212_okcdn_ru",OpenWPM,5,2,52,0,0,0,0,2,1,2,0,1
"212_okcdn_ru",OpenWPM_2,5,2,41,0,0,0,0,2,1,2,0,1
"212_okcdn_ru",native_firefox,5,2,68,0,0,0,0,2,1,2,0,1
"212_okcdn_ru",native_firefox_2,5,2,75,0,0,0,0,2,1,2,0,1
"213_steampowered_com",OpenWPM,111,0,45,0,0,62,3242571,110,1,0,0,1
"213_steampowered_com",OpenWPM_2,115,0,38,0,0,60,3363861,114,1,0,0,1
"213_steampowered_com",native_firefox,135,0,58,0,0,82,4353946,134,1,0,0,1
"213_steampowered_com",native_firefox_2,128,0,68,0,0,79,4474929,127,1,0,0,1
"214_bbc_com",OpenWPM,5,2,53,0,0,0,0,2,1,2,0,1
"214_bbc_com",OpenWPM_2,5,2,32,0,0,0,0,2,1,2,0,1
"214_bbc_com",native_firefox,61,0,63,30,5,7,101694,44,7,0,0,1
"214_bbc_com",native_firefox_2,5,2,76,0,0,0,0,2,1,2,0,1
"215_godaddy_com",OpenWPM,7,1,48,0,0,0,0,4,2,1,0,1
"215_godaddy_com",OpenWPM_2,7,1,40,0,0,0,0,4,2,1,0,1
"215_godaddy_com",native_firefox,123,0,65,11,1,6,1610124,121,2,0,0,1
"215_godaddy_com",native_firefox_2,7,1,74,0,0,0,0,4,2,1,0,1
"216_shifen_com",OpenWPM,1,0,47,0,0,0,0,0,0,0,0,1
"216_shifen_com",OpenWPM_2,1,0,33,0,0,0,0,0,0,0,0,1
"216_shifen_com",native_firefox,1,1,60,0,0,0,0,0,0,0,1,1
"216_shifen_com",native_firefox_2,1,1,74,0,0,0,0,0,0,0,1,1
"217_wsdvs_com",OpenWPM,1,1,51,0,0,0,0,0,0,0,1,1
"217_wsdvs_com",OpenWPM_2,1,1,37,0,0,0,0,0,0,0,1,1
"217_wsdvs_com",native_firefox,1,1,55,0,0,0,0,0,0,0,1,1
"217_wsdvs_com",native_firefox_2,1,1,67,0,0,0,0,0,0,0,1,1
"218_ebay_com",OpenWPM,0,0,0,0,0,0,0,0,0,0,0,1
"218_ebay_com",OpenWPM_2,0,0,0,0,0,0,0,0,0,0,0,1
"218_ebay_com",native_firefox,200,1,60,58,27,48,4405588,196,2,0,1,1
"218_ebay_com",native_firefox_2,205,1,71,50,19,69,5349128,200,2,0,1,1
"219_sourceforge_net",OpenWPM,38,0,46,1,1,8,90207,38,0,0,0,1
"219_sourceforge_net",OpenWPM_2,38,0,35,1,1,8,90207,38,0,0,0,1
"219_sourceforge_net",native_firefox,41,0,59,1,1,11,99445,41,0,0,0,1
"219_sourceforge_net",native_firefox_2,41,0,69,1,1,11,99445,41,0,0,0,1
"220_deepintent_com",OpenWPM,177,0,52,26,3,22,14143379,176,1,0,0,1
"220_deepintent_com",OpenWPM_2,177,0,41,26,3,22,14143379,176,1,0,0,1
"220_deepintent_com",native_firefox,178,0,59,23,3,27,14148075,177,1,0,0,1
"220_deepintent_com",native_firefox_2,172,0,74,23,3,23,14144224,171,1,0,0,1
"221_akamaized_net",OpenWPM,1,1,49,0,0,0,0,0,0,0,1,1
"221_akamaized_net",OpenWPM_2,1,1,31,0,0,0,0,0,0,0,1,1
"221_akamaized_net",native_firefox,1,1,54,0,0,0,0,0,0,0,1,1
"221_akamaized_net",native_firefox_2,1,1,77,0,0,0,0,0,0,0,1,1
"222_goskope_com",OpenWPM,0,0,0,0,0,0,0,0,0,0,0,1
"222_goskope_com",OpenWPM_2,0,0,0,0,0,0,0,0,0,0,0,1
"222_goskope_com",native_firefox,1,1,59,0,0,0,0,0,0,0,1,1
"222_goskope_com",native_firefox_2,1,1,66,0,0,0,0,0,0,0,1,1
"223_mit_edu",OpenWPM,57,0,55,23,0,3,218615,56,1,0,0,1
"223_mit_edu",OpenWPM_2,57,0,40,23,0,3,218615,56,1,0,0,1
"223_mit_edu",native_firefox,53,0,61,19,0,5,424529,52,1,0,0,1
"223_mit_edu",native_firefox_2,53,0,75,18,0,5,424529,52,1,0,0,1
"224_oracle_com",OpenWPM,79,1,48,16,0,18,267290,77,1,0,1,1
"224_oracle_com",OpenWPM_2,88,1,34,16,0,18,267290,83,3,0,1,1
"224_oracle_com",native_firefox,84,0,60,16,0,21,420731,82,1,0,0,1
"224_oracle_com",native_firefox_2,81,0,70,16,0,20,419266,79,1,0,0,1
"225_sciencedirect_com",OpenWPM,94,0,45,34,0,27,656402,90,4,0,0,1
"225_sciencedirect_com",OpenWPM_2,93,0,36,33,0,27,656402,89,4,0,0,1
"225_sciencedirect_com",native_firefox,79,0,62,12,0,15,656114,75,4,0,0,1
"225_sciencedirect_com",native_firefox_2,79,0,73,12,0,15,656114,75,4,0,0,1
"226_cisco_com",OpenWPM,138,2,53,8,0,54,406457,131,4,2,0,1
"226_cisco_com",OpenWPM_2,130,3,35,8,0,54,406457,125,2,2,1,1
"226_cisco_com",native_firefox,142,2,62,8,0,58,561425,133,4,2,0,1
"226_cisco_com",native_firefox_2,130,2,76,7,0,57,561382,122,4,2,0,1
"227_cpanel_net",OpenWPM,115,0,50,14,3,33,251294,113,2,0,0,1
"227_cpanel_net",OpenWPM_2,124,0,35,23,3,33,251294,122,2,0,0,1
"227_cpanel_net",native_firefox,118,0,57,16,3,34,862856,116,2,0,0,1
"227_cpanel_net",native_firefox_2,119,0,0,16,3,34,862856,117,2,0,0,1
"228_capcutapi_com",OpenWPM,1,1,46,0,0,0,0,0,0,0,1,1
"228_capcutapi_com",OpenWPM_2,1,1,34,0,0,0,0,0,0,0,1,1
"228_capcutapi_com",native_firefox,1,1,62,0,0,0,0,0,0,0,1,1
"228_capcutapi_com",native_firefox_2,1,1,73,0,0,0,0,0,0,0,1,1
"229_imdb_com",OpenWPM,0,0,0,0,0,0,0,0,0,0,0,1
"229_imdb_com",OpenWPM_2,0,0,0,0,0,0,0,0,0,0,0,1
"229_imdb_com",native_firefox,121,0,56,9,5,37,922187,116,2,0,0,1
"229_imdb_com",native_firefox_2,123,0,69,9,5,37,922187,118,2,0,0,1
"230_ubuntu_com",OpenWPM,75,0,53,23,3,9,19818,75,0,0,0,1
"230_ubuntu_com",OpenWPM_2,75,0,32,23,3,9,19818,75,0,0,0,1
"230_ubuntu_com",native_firefox,77,0,57,21,3,12,78037,77,0,0,0,1
"230_ubuntu_com",native_firefox_2,74,0,0,22,3,12,78037,74,0,0,0,1
"231_wbx2_com",OpenWPM,1,0,47,0,0,0,0,0,0,0,0,1
"231_wbx2_com",OpenWPM_2,1,0,36,0,0,0,0,0,0,0,0,1
"231_wbx2_com",native_firefox,1,1,63,0,0,0,0,0,0,0,1,1
"231_wbx2_com",native_firefox_2,1,1,76,0,0,0,0,0,0,0,1,1
"232_kaspersky_com",OpenWPM,125,0,53,20,0,40,567834,122,2,0,0,1
"232_kaspersky_com",OpenWPM_2,128,0,36,22,0,40,567834,123,2,0,0,1
"232_kaspersky_com",native_firefox,144,0,58,19,0,58,2193249,141,2,0,0,1
"232_kaspersky_com",native_firefox_2,141,0,70,19,0,58,2193249,138,2,0,0,1
"233_researchgate_net",OpenWPM,17,2,48,0,0,3,4402,14,1,2,0,1
"233_researchgate_net",OpenWPM_2,80,9,37,8,4,6,118508,69,2,8,1,1
"233_researchgate_net",native_firefox,84,7,67,10,4,6,118508,74,2,7,0,1
"233_researchgate_net",native_firefox_2,17,2,77,0,0,3,4556,14,1,2,0,1
"234_canva_com",OpenWPM,81,8,55,9,0,14,137022,71,2,8,0,1
"234_canva_com",OpenWPM_2,82,4,35,14,0,14,137022,73,2,4,0,1
"234_canva_com",native_firefox,126,0,62,56,0,19,1934404,122,2,0,0,1
"234_canva_com",native_firefox_2,78,0,75,11,0,14,137022,72,2,0,0,1
"235_inmobi_com",OpenWPM,169,2,48,42,17,32,807069,159,2,2,0,1
"235_inmobi_com",OpenWPM_2,165,2,34,36,18,33,807069,155,2,2,0,1
"235_inmobi_com",native_firefox,164,2,64,35,18,32,807069,154,3,2,0,1
"235_inmobi_com",native_firefox_2,162,2,68,34,18,32,807069,154,3,2,0,1
"236_adsrvr_org",OpenWPM,34,1,48,22,0,12,140438,32,0,1,0,1
"236_adsrvr_org",OpenWPM_2,27,1,40,15,0,7,140318,25,0,1,0,1
"236_adsrvr_org",native_firefox,15,1,63,3,0,3,255605,14,0,1,0,1
"236_adsrvr_org",native_firefox_2,15,1,73,3,0,3,255605,14,0,1,0,1
"237_wildberries_ru",OpenWPM,161,1,53,3,0,15,812185,158,1,1,0,1
"237_wildberries_ru",OpenWPM_2,5,0,31,0,0,0,0,2,1,0,0,1
"237_wildberries_ru",native_firefox,181,1,56,3,0,29,2775644,176,3,1,0,1
"237_wildberries_ru",native_firefox_2,173,1,74,3,0,21,964576,167,3,1,0,1
"238_wikimedia_org",OpenWPM,27,0,47,0,0,20,205542,26,1,0,0,1
"238_wikimedia_org",OpenWPM_2,27,0,32,0,0,20,205542,26,1,0,0,1
"238_wikimedia_org",native_firefox,25,0,65,0,0,19,202969,24,1,0,0,1
"238_wikimedia_org",native_firefox_2,27,0,72,0,0,20,205542,26,1,0,0,1
"239_linktr_ee",OpenWPM,143,0,48,25,0,47,483606,142,1,0,0,1
"239_linktr_ee",OpenWPM_2,141,0,31,23,0,47,483606,140,1,0,0,1
"239_linktr_ee",native_firefox,136,0,60,23,0,45,540298,134,1,0,0,1
"239_linktr_ee",native_firefox_2,142,0,73,24,0,46,540340,139,1,0,0,1
"240_vedcdnlb_com",OpenWPM,1,1,53,0,0,0,0,0,0,0,1,1
"240_vedcdnlb_com",OpenWPM_2,1,1,33,0,0,0,0,0,0,0,1,1
"240_vedcdnlb_com",native_firefox,1,1,60,0,0,0,0,0,0,0,1,1
"240_vedcdnlb_com",native_firefox_2,1,1,76,0,0,0,0,0,0,0,1,1
"241_googleblog_com",OpenWPM,0,0,0,0,0,0,0,0,0,0,0,1
"241_googleblog_com",OpenWPM_2,0,0,0,0,0,0,0,0,0,0,0,1
"241_googleblog_com",native_firefox,57,0,60,5,0,4,51974,55,2,0,0,1
"241_googleblog_com",native_firefox_2,55,0,70,5,0,4,51974,52,2,0,0,1
"242_doi_org",OpenWPM,51,0,57,2,0,8,2878712,50,1,0,0,1
"242_doi_org",OpenWPM_2,51,0,35,2,0,8,2878712,50,1,0,0,1
"242_doi_org",native_firefox,51,0,67,2,0,9,4436519,50,1,0,0,1
"242_doi_org",native_firefox_2,51,0,80,2,0,9,4436519,50,1,0,0,1
"243_openx_net",OpenWPM,5,0,51,0,3,1,1208,4,0,0,0,1
"243_openx_net",OpenWPM_2,4,0,37,0,3,1,1208,4,0,0,0,1
"243_openx_net",native_firefox,5,0,61,0,3,1,1208,4,0,0,0,1
"243_openx_net",native_firefox_2,5,0,77,0,3,1,1208,4,0,0,0,1
"244_hubspot_com",OpenWPM,267,1,49,29,0,19,319924,263,3,1,0,1
"244_hubspot_com",OpenWPM_2,278,2,32,29,0,47,1403638,274,2,2,0,1
"244_hubspot_com",native_firefox,286,1,59,106,0,24,355751,268,7,1,0,1
"244_hubspot_com",native_firefox_2,191,1,71,34,0,18,250646,174,5,1,0,1
"245_youtube-nocookie_com",OpenWPM,3,0,48,0,0,0,0,1,0,0,0,1
"245_youtube-nocookie_com",OpenWPM_2,3,0,41,0,0,0,0,1,0,0,0,1
"245_youtube-nocookie_com",native_firefox,3,0,61,0,0,0,0,1,0,0,0,1
"245_youtube-nocookie_com",native_firefox_2,3,0,75,0,0,0,0,1,0,0,0,1
"246_wixsite_com",OpenWPM,1,1,50,0,0,0,0,0,0,0,1,1
"246_wixsite_com",OpenWPM_2,1,1,32,0,0,0,0,0,0,0,1,1
"246_wixsite_com",native_firefox,1,1,60,0,0,0,0,0,0,0,1,1
"246_wixsite_com",native_firefox_2,1,1,90,0,0,0,0,0,0,0,1,1
"247_rocket-cdn_com",OpenWPM,0,0,0,0,0,0,0,0,0,0,0,1
"247_rocket-cdn_com",OpenWPM_2,0,0,0,0,0,0,0,0,0,0,0,1
"247_rocket-cdn_com",native_firefox,1,1,57,0,0,0,0,0,0,0,1,1
"247_rocket-cdn_com",native_firefox_2,1,1,69,0,0,0,0,0,0,0,1,1
"248_openai_com",OpenWPM,150,13,55,25,0,27,20051381,136,1,13,0,1
"248_openai_com",OpenWPM_2,150,13,36,25,0,27,20051381,136,1,13,0,1
"248_openai_com",native_firefox,150,0,57,22,0,28,96498722,147,1,0,0,1
"248_openai_com",native_firefox_2,150,0,74,22,0,28,20347901,146,1,0,0,1
"249_2mdn_net",OpenWPM,1,1,59,0,0,0,0,0,0,0,1,1
"249_2mdn_net",OpenWPM_2,1,1,39,0,0,0,0,0,0,0,1,1
"249_2mdn_net",native_firefox,1,1,59,0,0,0,0,0,0,0,1,1
"249_2mdn_net",native_firefox_2,1,1,76,0,0,0,0,0,0,0,1,1
"250_appsflyer_com",OpenWPM,0,0,0,0,0,0,0,0,0,0,0,1
"250_appsflyer_com",OpenWPM_2,0,0,0,0,0,0,0,0,0,0,0,1
"250_appsflyer_com",native_firefox,76,0,54,8,0,16,132697,74,2,0,0,1
"250_appsflyer_com",native_firefox_2,76,0,70,8,0,16,132697,74,2,0,0,1
"2_calibration",OpenWPM,2,1,108,0,0,0,0,1,0,1,0,1
"2_calibration",OpenWPM_2,2,1,110,0,0,0,0,1,0,1,0,1
"2_calibration",native_firefox,2,0,87,0,0,0,0,1,0,0,0,1
"2_calibration",native_firefox_2,1,0,42,0,0,0,0,0,1,0,0,1
"3_calibration",OpenWPM,2,1,51,0,0,0,0,1,0,1,0,1
"3_calibration",OpenWPM_2,2,1,69,0,0,0,0,1,0,1,0,1
"3_calibration",native_firefox,1,0,78,0,0,0,0,0,1,0,0,1
"3_calibration",native_firefox_2,1,0,58,0,0,0,0,0,1,0,0,1
"4_calibration",OpenWPM,2,1,65,0,0,0,0,1,0,1,0,1
"4_calibration",OpenWPM_2,2,1,69,0,0,0,0,1,0,1,0,1
"4_calibration",native_firefox,1,0,61,0,0,0,0,0,1,0,0,1
"4_calibration",native_firefox_2,2,0,47,0,0,0,0,1,0,0,0,1
"5_calibration",OpenWPM,2,1,51,0,0,0,0,1,0,1,0,1
"5_calibration",OpenWPM_2,2,1,86,0,0,0,0,1,0,1,0,1
"5_calibration",native_firefox,1,0,38,0,0,0,0,0,1,0,0,1
"5_calibration",native_firefox_2,1,0,55,0,0,0,0,0,1,0,0,1